time,open,high,low,close,tick_volume,spread,real_volume
2026-07-06 00:00:00,161.25,161.273,161.25,161.267,5,84,0
2026-07-06 00:05:00,161.262,161.267,161.254,161.264,9,79,0
2026-07-06 00:10:00,161.265,161.265,161.264,161.264,4,75,0
2026-07-06 00:15:00,161.264,161.264,161.259,161.263,5,89,0
2026-07-06 00:20:00,161.263,161.27,161.263,161.27,8,79,0
2026-07-06 00:25:00,161.27,161.27,161.27,161.27,4,80,0
2026-07-06 00:30:00,161.27,161.27,161.27,161.27,5,83,0
2026-07-06 00:35:00,161.27,161.27,161.253,161.268,11,70,0
2026-07-06 00:40:00,161.268,161.271,161.268,161.271,8,73,0
2026-07-06 00:45:00,161.271,161.273,161.271,161.273,6,74,0
2026-07-06 00:50:00,161.273,161.273,161.258,161.258,8,91,0
2026-07-06 00:55:00,161.257,161.27,161.251,161.268,109,94,0
2026-07-06 01:00:00,161.266,161.372,161.252,161.371,254,28,0
2026-07-06 01:05:00,161.372,161.461,161.372,161.417,165,21,0
2026-07-06 01:10:00,161.418,161.431,161.39,161.397,1409,20,0
2026-07-06 01:15:00,161.398,161.402,161.387,161.392,181,21,0
2026-07-06 01:20:00,161.391,161.403,161.378,161.382,132,23,0
2026-07-06 01:25:00,161.382,161.41,161.379,161.393,107,21,0
2026-07-06 01:30:00,161.393,161.396,161.391,161.393,38,21,0
2026-07-06 01:35:00,161.393,161.402,161.381,161.396,77,20,0
2026-07-06 01:40:00,161.396,161.406,161.393,161.406,49,23,0
2026-07-06 01:45:00,161.406,161.417,161.402,161.405,45,4,0
2026-07-06 01:50:00,161.405,161.417,161.404,161.417,125,4,0
2026-07-06 01:55:00,161.418,161.42,161.412,161.417,86,4,0
2026-07-06 02:00:00,161.417,161.474,161.415,161.466,133,4,0
2026-07-06 02:05:00,161.467,161.471,161.447,161.467,129,4,0
2026-07-06 02:10:00,161.467,161.47,161.454,161.467,189,4,0
2026-07-06 02:15:00,161.467,161.494,161.465,161.492,130,4,0
2026-07-06 02:20:00,161.492,161.499,161.478,161.494,113,4,0
2026-07-06 02:25:00,161.495,161.498,161.451,161.472,228,4,0
2026-07-06 02:30:00,161.472,161.482,161.457,161.461,179,4,0
2026-07-06 02:35:00,161.461,161.483,161.456,161.473,128,4,0
2026-07-06 02:40:00,161.472,161.473,161.455,161.458,121,4,0
2026-07-06 02:45:00,161.458,161.458,161.415,161.434,336,4,0
2026-07-06 02:50:00,161.433,161.476,161.433,161.471,184,4,0
2026-07-06 02:55:00,161.472,161.476,161.445,161.456,228,4,0
2026-07-06 03:00:00,161.458,161.538,161.458,161.535,648,3,0
2026-07-06 03:05:00,161.535,161.587,161.524,161.584,438,3,0
2026-07-06 03:10:00,161.584,161.587,161.537,161.54,361,3,0
2026-07-06 03:15:00,161.539,161.54,161.457,161.513,711,3,0
2026-07-06 03:20:00,161.513,161.543,161.492,161.53,535,3,0
2026-07-06 03:25:00,161.53,161.543,161.497,161.499,629,3,0
2026-07-06 03:30:00,161.498,161.514,161.476,161.508,712,3,0
2026-07-06 03:35:00,161.509,161.544,161.504,161.539,463,3,0
2026-07-06 03:40:00,161.54,161.545,161.515,161.523,500,3,0
2026-07-06 03:45:00,161.523,161.606,161.517,161.577,714,3,0
2026-07-06 03:50:00,161.577,161.602,161.533,161.533,807,3,0
2026-07-06 03:55:00,161.532,161.558,161.462,161.533,686,3,0
2026-07-06 04:00:00,161.533,161.575,161.528,161.567,528,3,0
2026-07-06 04:05:00,161.567,161.58,161.534,161.562,546,3,0
2026-07-06 04:10:00,161.562,161.617,161.536,161.6,446,3,0
2026-07-06 04:15:00,161.601,161.653,161.6,161.645,530,3,0
2026-07-06 04:20:00,161.645,161.727,161.64,161.715,523,3,0
2026-07-06 04:25:00,161.716,161.772,161.712,161.769,675,3,0
2026-07-06 04:30:00,161.769,161.772,161.701,161.734,742,3,0
2026-07-06 04:35:00,161.734,161.734,161.698,161.705,485,3,0
2026-07-06 04:40:00,161.706,161.723,161.699,161.703,360,3,0
2026-07-06 04:45:00,161.704,161.759,161.704,161.759,334,3,0
2026-07-06 04:50:00,161.758,161.773,161.744,161.759,414,3,0
2026-07-06 04:55:00,161.759,161.814,161.758,161.807,576,3,0
2026-07-06 05:00:00,161.809,161.813,161.778,161.792,466,3,0
2026-07-06 05:05:00,161.793,161.839,161.789,161.833,376,3,0
2026-07-06 05:10:00,161.833,161.847,161.821,161.828,351,3,0
2026-07-06 05:15:00,161.829,161.836,161.782,161.797,517,3,0
2026-07-06 05:20:00,161.797,161.808,161.787,161.808,413,3,0
2026-07-06 05:25:00,161.808,161.81,161.785,161.795,297,3,0
2026-07-06 05:30:00,161.796,161.808,161.791,161.796,348,3,0
2026-07-06 05:35:00,161.796,161.822,161.792,161.8,317,3,0
2026-07-06 05:40:00,161.8,161.82,161.789,161.797,293,3,0
2026-07-06 05:45:00,161.797,161.805,161.781,161.784,237,3,0
2026-07-06 05:50:00,161.784,161.799,161.743,161.765,374,3,0
2026-07-06 05:55:00,161.766,161.771,161.752,161.77,377,3,0
2026-07-06 06:00:00,161.77,161.777,161.759,161.772,283,3,0
2026-07-06 06:05:00,161.772,161.779,161.763,161.771,211,3,0
2026-07-06 06:10:00,161.771,161.802,161.767,161.799,333,3,0
2026-07-06 06:15:00,161.799,161.817,161.796,161.805,259,3,0
2026-07-06 06:20:00,161.805,161.822,161.784,161.811,321,3,0
2026-07-06 06:25:00,161.813,161.826,161.809,161.824,235,3,0
2026-07-06 06:30:00,161.825,161.834,161.82,161.823,287,3,0
2026-07-06 06:35:00,161.822,161.823,161.795,161.798,252,3,0
2026-07-06 06:40:00,161.798,161.81,161.792,161.795,231,3,0
2026-07-06 06:45:00,161.795,161.815,161.794,161.812,255,3,0
2026-07-06 06:50:00,161.811,161.824,161.806,161.823,180,3,0
2026-07-06 06:55:00,161.823,161.859,161.818,161.84,309,3,0
2026-07-06 07:00:00,161.84,161.849,161.828,161.847,275,3,0
2026-07-06 07:05:00,161.847,161.848,161.819,161.831,275,3,0
2026-07-06 07:10:00,161.831,161.833,161.807,161.823,269,3,0
2026-07-06 07:15:00,161.823,161.838,161.808,161.835,234,3,0
2026-07-06 07:20:00,161.835,161.841,161.832,161.84,195,3,0
2026-07-06 07:25:00,161.839,161.848,161.835,161.847,179,3,0
2026-07-06 07:30:00,161.847,161.85,161.832,161.84,158,3,0
2026-07-06 07:35:00,161.841,161.877,161.841,161.877,188,3,0
2026-07-06 07:40:00,161.877,161.932,161.873,161.914,394,3,0
2026-07-06 07:45:00,161.914,161.942,161.914,161.924,376,3,0
2026-07-06 07:50:00,161.924,161.942,161.917,161.927,331,3,0
2026-07-06 07:55:00,161.927,161.939,161.913,161.938,272,3,0
2026-07-06 08:00:00,161.939,161.942,161.914,161.938,354,3,0
2026-07-06 08:05:00,161.938,161.988,161.938,161.976,344,3,0
2026-07-06 08:10:00,161.976,161.978,161.878,161.938,555,3,0
2026-07-06 08:15:00,161.939,161.964,161.937,161.956,312,3,0
2026-07-06 08:20:00,161.957,161.965,161.944,161.954,202,3,0
2026-07-06 08:25:00,161.953,161.968,161.95,161.955,252,3,0
2026-07-06 08:30:00,161.955,161.965,161.935,161.956,382,3,0
2026-07-06 08:35:00,161.956,161.957,161.937,161.94,239,3,0
2026-07-06 08:40:00,161.94,161.949,161.937,161.946,270,3,0
2026-07-06 08:45:00,161.944,161.979,161.944,161.977,138,3,0
2026-07-06 08:50:00,161.978,161.994,161.964,161.975,370,3,0
2026-07-06 08:55:00,161.976,162.086,161.975,162.076,636,3,0
2026-07-06 09:00:00,162.077,162.098,162.027,162.087,598,3,0
2026-07-06 09:05:00,162.087,162.156,162.054,162.069,712,3,0
2026-07-06 09:10:00,162.069,162.129,162.06,162.128,509,3,0
2026-07-06 09:15:00,162.128,162.27,162.125,162.202,635,3,0
2026-07-06 09:20:00,162.201,162.205,162.119,162.153,837,3,0
2026-07-06 09:25:00,162.155,162.204,162.155,162.175,689,3,0
2026-07-06 09:30:00,162.176,162.208,162.121,162.146,817,3,0
2026-07-06 09:35:00,162.146,162.187,162.136,162.16,506,3,0
2026-07-06 09:40:00,162.16,162.17,162.11,162.11,541,3,0
2026-07-06 09:45:00,162.11,162.171,162.102,162.169,520,3,0
2026-07-06 09:50:00,162.168,162.21,162.159,162.204,389,3,0
2026-07-06 09:55:00,162.203,162.305,162.198,162.249,807,3,0
2026-07-06 10:00:00,162.249,162.312,162.225,162.251,939,3,0
2026-07-06 10:05:00,162.251,162.314,162.242,162.283,695,3,0
2026-07-06 10:10:00,162.282,162.297,162.237,162.24,706,3,0
2026-07-06 10:15:00,162.239,162.264,162.22,162.252,566,3,0
2026-07-06 10:20:00,162.251,162.29,162.249,162.278,544,3,0
2026-07-06 10:25:00,162.277,162.305,162.259,162.263,392,3,0
2026-07-06 10:30:00,162.265,162.267,162.158,162.198,645,3,0
2026-07-06 10:35:00,162.198,162.218,162.188,162.196,491,3,0
2026-07-06 10:40:00,162.192,162.209,162.162,162.174,505,3,0
2026-07-06 10:45:00,162.174,162.199,162.157,162.181,461,3,0
2026-07-06 10:50:00,162.181,162.202,162.162,162.176,401,3,0
2026-07-06 10:55:00,162.176,162.201,162.154,162.159,501,3,0
2026-07-06 11:00:00,162.16,162.273,162.159,162.242,598,3,0
2026-07-06 11:05:00,162.242,162.278,162.21,162.278,474,3,0
2026-07-06 11:10:00,162.278,162.293,162.248,162.249,586,3,0
2026-07-06 11:15:00,162.249,162.249,162.209,162.237,499,3,0
2026-07-06 11:20:00,162.238,162.253,162.231,162.253,354,3,0
2026-07-06 11:25:00,162.253,162.254,162.225,162.227,231,3,0
2026-07-06 11:30:00,162.229,162.263,162.226,162.258,289,3,0
2026-07-06 11:35:00,162.258,162.262,162.238,162.257,201,3,0
2026-07-06 11:40:00,162.256,162.256,162.232,162.251,260,3,0
2026-07-06 11:45:00,162.251,162.262,162.242,162.25,296,3,0
2026-07-06 11:50:00,162.251,162.263,162.235,162.245,317,3,0
2026-07-06 11:55:00,162.244,162.262,162.241,162.246,200,3,0
2026-07-06 12:00:00,162.247,162.256,162.226,162.244,360,3,0
2026-07-06 12:05:00,162.244,162.263,162.241,162.255,259,3,0
2026-07-06 12:10:00,162.255,162.298,162.255,162.277,387,3,0
2026-07-06 12:15:00,162.278,162.285,162.254,162.281,311,3,0
2026-07-06 12:20:00,162.282,162.293,162.27,162.281,291,3,0
2026-07-06 12:25:00,162.281,162.301,162.271,162.291,268,3,0
2026-07-06 12:30:00,162.291,162.302,162.272,162.275,265,3,0
2026-07-06 12:35:00,162.275,162.283,162.265,162.272,311,3,0
2026-07-06 12:40:00,162.271,162.278,162.252,162.273,292,3,0
2026-07-06 12:45:00,162.273,162.301,162.271,162.301,212,3,0
2026-07-06 12:50:00,162.299,162.348,162.283,162.332,343,3,0
2026-07-06 12:55:00,162.331,162.331,162.307,162.331,259,3,0
2026-07-06 13:00:00,162.331,162.405,162.32,162.363,571,3,0
2026-07-06 13:05:00,162.363,162.375,162.331,162.348,497,3,0
2026-07-06 13:10:00,162.349,162.352,162.255,162.258,388,3,0
2026-07-06 13:15:00,162.258,162.311,162.255,162.28,549,3,0
2026-07-06 13:20:00,162.28,162.3,162.276,162.296,319,3,0
2026-07-06 13:25:00,162.298,162.34,162.294,162.338,269,3,0
2026-07-06 13:30:00,162.339,162.349,162.325,162.328,269,3,0
2026-07-06 13:35:00,162.327,162.34,162.303,162.319,306,3,0
2026-07-06 13:40:00,162.32,162.33,162.307,162.311,256,3,0
2026-07-06 13:45:00,162.311,162.325,162.306,162.32,300,3,0
2026-07-06 13:50:00,162.32,162.323,162.3,162.3,284,3,0
2026-07-06 13:55:00,162.301,162.322,162.3,162.307,226,3,0
2026-07-06 14:00:00,162.307,162.322,162.306,162.317,278,3,0
2026-07-06 14:05:00,162.317,162.317,162.295,162.295,243,3,0
2026-07-06 14:10:00,162.296,162.306,162.282,162.302,222,3,0
2026-07-06 14:15:00,162.302,162.307,162.299,162.3,153,3,0
2026-07-06 14:20:00,162.3,162.32,162.299,162.31,201,3,0
2026-07-06 14:25:00,162.31,162.314,162.283,162.295,297,3,0
2026-07-06 14:30:00,162.295,162.309,162.29,162.304,261,3,0
2026-07-06 14:35:00,162.305,162.321,162.304,162.319,206,3,0
2026-07-06 14:40:00,162.32,162.322,162.309,162.317,202,3,0
2026-07-06 14:45:00,162.319,162.336,162.302,162.336,242,3,0
2026-07-06 14:50:00,162.336,162.349,162.331,162.342,327,3,0
2026-07-06 14:55:00,162.341,162.353,162.322,162.331,301,3,0
2026-07-06 15:00:00,162.331,162.347,162.312,162.317,375,3,0
2026-07-06 15:05:00,162.317,162.341,162.304,162.335,322,3,0
2026-07-06 15:10:00,162.335,162.344,162.319,162.321,194,3,0
2026-07-06 15:15:00,162.321,162.325,162.309,162.32,303,3,0
2026-07-06 15:20:00,162.32,162.344,162.319,162.339,358,3,0
2026-07-06 15:25:00,162.34,162.349,162.331,162.345,336,3,0
2026-07-06 15:30:00,162.345,162.368,162.324,162.364,380,3,0
2026-07-06 15:35:00,162.364,162.384,162.359,162.373,394,3,0
2026-07-06 15:40:00,162.374,162.41,162.372,162.388,361,3,0
2026-07-06 15:45:00,162.388,162.395,162.364,162.372,411,3,0
2026-07-06 15:50:00,162.372,162.379,162.355,162.366,291,3,0
2026-07-06 15:55:00,162.366,162.426,162.366,162.397,512,3,0
2026-07-06 16:00:00,162.398,162.419,162.391,162.397,634,3,0
2026-07-06 16:05:00,162.397,162.398,162.377,162.377,304,3,0
2026-07-06 16:10:00,162.377,162.386,162.31,162.364,454,3,0
2026-07-06 16:15:00,162.364,162.364,162.332,162.344,405,3,0
2026-07-06 16:20:00,162.344,162.357,162.31,162.324,390,3,0
2026-07-06 16:25:00,162.324,162.343,162.323,162.339,350,3,0
2026-07-06 16:30:00,162.338,162.365,162.324,162.36,489,3,0
2026-07-06 16:35:00,162.359,162.384,162.343,162.358,394,3,0
2026-07-06 16:40:00,162.358,162.364,162.339,162.36,371,3,0
2026-07-06 16:45:00,162.36,162.388,162.348,162.349,348,3,0
2026-07-06 16:50:00,162.35,162.352,162.323,162.336,340,3,0
2026-07-06 16:55:00,162.335,162.346,162.331,162.34,221,3,0
2026-07-06 17:00:00,162.338,162.361,162.3,162.315,425,3,0
2026-07-06 17:05:00,162.315,162.316,162.28,162.308,510,3,0
2026-07-06 17:10:00,162.308,162.321,162.273,162.28,354,3,0
2026-07-06 17:15:00,162.281,162.3,162.279,162.295,361,3,0
2026-07-06 17:20:00,162.295,162.309,162.287,162.308,283,3,0
2026-07-06 17:25:00,162.307,162.309,162.293,162.299,331,3,0
2026-07-06 17:30:00,162.299,162.312,162.291,162.294,197,3,0
2026-07-06 17:35:00,162.294,162.355,162.294,162.353,260,3,0
2026-07-06 17:40:00,162.358,162.358,162.334,162.336,291,3,0
2026-07-06 17:45:00,162.336,162.352,162.32,162.351,206,3,0
2026-07-06 17:50:00,162.351,162.353,162.327,162.346,277,3,0
2026-07-06 17:55:00,162.346,162.382,162.346,162.358,645,3,0
2026-07-06 18:00:00,162.358,162.369,162.302,162.312,544,3,0
2026-07-06 18:05:00,162.312,162.33,162.293,162.314,367,3,0
2026-07-06 18:10:00,162.314,162.343,162.313,162.329,251,3,0
2026-07-06 18:15:00,162.329,162.344,162.311,162.341,306,3,0
2026-07-06 18:20:00,162.341,162.342,162.327,162.341,324,3,0
2026-07-06 18:25:00,162.341,162.351,162.333,162.339,178,3,0
2026-07-06 18:30:00,162.338,162.352,162.329,162.336,223,3,0
2026-07-06 18:35:00,162.336,162.341,162.321,162.321,148,3,0
2026-07-06 18:40:00,162.321,162.322,162.291,162.297,279,3,0
2026-07-06 18:45:00,162.298,162.301,162.287,162.297,209,3,0
2026-07-06 18:50:00,162.297,162.302,162.287,162.287,150,3,0
2026-07-06 18:55:00,162.287,162.299,162.273,162.285,142,3,0
2026-07-06 19:00:00,162.285,162.317,162.285,162.312,175,3,0
2026-07-06 19:05:00,162.312,162.313,162.296,162.298,169,3,0
2026-07-06 19:10:00,162.297,162.298,162.28,162.288,145,3,0
2026-07-06 19:15:00,162.288,162.289,162.259,162.266,144,3,0
2026-07-06 19:20:00,162.265,162.273,162.254,162.257,210,3,0
2026-07-06 19:25:00,162.257,162.258,162.238,162.241,96,3,0
2026-07-06 19:30:00,162.241,162.267,162.241,162.266,190,3,0
2026-07-06 19:35:00,162.267,162.272,162.266,162.268,112,3,0
2026-07-06 19:40:00,162.268,162.282,162.267,162.279,124,3,0
2026-07-06 19:45:00,162.278,162.303,162.272,162.297,144,3,0
2026-07-06 19:50:00,162.297,162.297,162.258,162.263,166,3,0
2026-07-06 19:55:00,162.263,162.287,162.257,162.259,187,3,0
2026-07-06 20:00:00,162.259,162.274,162.252,162.265,277,3,0
2026-07-06 20:05:00,162.264,162.267,162.257,162.263,173,3,0
2026-07-06 20:10:00,162.264,162.264,162.252,162.253,122,3,0
2026-07-06 20:15:00,162.253,162.261,162.246,162.247,155,3,0
2026-07-06 20:20:00,162.247,162.25,162.207,162.207,200,3,0
2026-07-06 20:25:00,162.206,162.206,162.17,162.194,290,3,0
2026-07-06 20:30:00,162.194,162.207,162.19,162.196,144,3,0
2026-07-06 20:35:00,162.195,162.209,162.172,162.183,158,3,0
2026-07-06 20:40:00,162.184,162.186,162.144,162.153,154,3,0
2026-07-06 20:45:00,162.155,162.158,162.146,162.147,197,3,0
2026-07-06 20:50:00,162.147,162.166,162.144,162.16,208,3,0
2026-07-06 20:55:00,162.16,162.176,162.158,162.176,122,3,0
2026-07-06 21:00:00,162.176,162.177,162.16,162.162,178,3,0
2026-07-06 21:05:00,162.162,162.189,162.162,162.171,204,3,0
2026-07-06 21:10:00,162.171,162.175,162.16,162.162,134,3,0
2026-07-06 21:15:00,162.161,162.161,162.136,162.15,163,3,0
2026-07-06 21:20:00,162.15,162.15,162.137,162.138,110,3,0
2026-07-06 21:25:00,162.137,162.148,162.133,162.14,184,3,0
2026-07-06 21:30:00,162.14,162.162,162.118,162.123,232,3,0
2026-07-06 21:35:00,162.123,162.125,162.109,162.118,250,3,0
2026-07-06 21:40:00,162.117,162.122,162.1,162.106,163,3,0
2026-07-06 21:45:00,162.106,162.127,162.056,162.059,287,3,0
2026-07-06 21:50:00,162.059,162.069,162.027,162.056,345,3,0
2026-07-06 21:55:00,162.056,162.061,162.019,162.046,456,3,0
2026-07-06 22:00:00,162.046,162.082,162.046,162.057,280,3,0
2026-07-06 22:05:00,162.058,162.099,162.054,162.098,229,4,0
2026-07-06 22:10:00,162.098,162.099,162.071,162.085,184,4,0
2026-07-06 22:15:00,162.085,162.092,162.079,162.085,222,4,0
2026-07-06 22:20:00,162.084,162.11,162.082,162.107,221,4,0
2026-07-06 22:25:00,162.107,162.111,162.096,162.108,117,4,0
2026-07-06 22:30:00,162.108,162.108,162.066,162.07,187,4,0
2026-07-06 22:35:00,162.07,162.082,162.036,162.078,251,4,0
2026-07-06 22:40:00,162.078,162.114,162.069,162.107,247,4,0
2026-07-06 22:45:00,162.107,162.107,162.069,162.081,190,4,0
2026-07-06 22:50:00,162.081,162.083,162.056,162.059,260,4,0
2026-07-06 22:55:00,162.058,162.077,162.033,162.054,499,4,0
2026-07-06 23:00:00,162.054,162.054,162.03,162.039,163,4,0
2026-07-06 23:05:00,162.039,162.057,162.032,162.056,92,4,0
2026-07-06 23:10:00,162.056,162.095,162.056,162.09,179,4,0
2026-07-06 23:15:00,162.089,162.098,162.083,162.092,122,4,0
2026-07-06 23:20:00,162.092,162.098,162.079,162.084,100,4,0
2026-07-06 23:25:00,162.084,162.086,162.046,162.071,215,4,0
2026-07-06 23:30:00,162.071,162.085,162.063,162.083,98,4,0
2026-07-06 23:35:00,162.083,162.11,162.083,162.098,80,4,0
2026-07-06 23:40:00,162.098,162.108,162.092,162.094,160,4,0
2026-07-06 23:45:00,162.094,162.101,162.084,162.091,101,6,0
2026-07-06 23:50:00,162.091,162.093,162.072,162.083,179,17,0
2026-07-06 23:55:00,162.083,162.089,162.052,162.07,124,22,0
2026-07-07 00:00:00,162.07,162.071,162.017,162.04,7,34,0
2026-07-07 00:05:00,162.04,162.054,162.033,162.051,31,75,0
2026-07-07 00:10:00,162.052,162.058,162.049,162.058,39,70,0
2026-07-07 00:15:00,162.06,162.066,162.056,162.065,30,62,0
2026-07-07 00:20:00,162.065,162.066,162.043,162.061,37,53,0
2026-07-07 00:25:00,162.061,162.062,162.046,162.059,17,67,0
2026-07-07 00:30:00,162.042,162.062,162.042,162.061,9,66,0
2026-07-07 00:35:00,162.061,162.087,162.061,162.068,137,48,0
2026-07-07 00:40:00,162.068,162.094,162.068,162.069,86,49,0
2026-07-07 00:45:00,162.069,162.1,162.007,162.054,115,36,0
2026-07-07 00:50:00,162.054,162.079,162.054,162.068,129,30,0
2026-07-07 00:55:00,162.063,162.068,162.06,162.063,19,36,0
2026-07-07 01:00:00,162.063,162.074,162.025,162.062,120,9,0
2026-07-07 01:05:00,162.062,162.066,162.05,162.065,76,13,0
2026-07-07 01:10:00,162.065,162.065,162.042,162.057,903,15,0
2026-07-07 01:15:00,162.057,162.059,162.041,162.059,353,22,0
2026-07-07 01:20:00,162.059,162.087,162.052,162.07,249,12,0
2026-07-07 01:25:00,162.07,162.072,162.056,162.072,68,18,0
2026-07-07 01:30:00,162.072,162.074,162.057,162.069,91,23,0
2026-07-07 01:35:00,162.069,162.08,162.067,162.069,93,22,0
2026-07-07 01:40:00,162.068,162.073,162.066,162.068,61,22,0
2026-07-07 01:45:00,162.068,162.084,162.064,162.068,51,4,0
2026-07-07 01:50:00,162.067,162.071,162.06,162.065,39,4,0
2026-07-07 01:55:00,162.066,162.071,162.054,162.065,37,4,0
2026-07-07 02:00:00,162.065,162.065,162.0,162.005,219,4,0
2026-07-07 02:05:00,162.005,162.042,162.004,162.015,154,4,0
2026-07-07 02:10:00,162.016,162.037,162.016,162.033,130,4,0
2026-07-07 02:15:00,162.033,162.035,162.017,162.026,128,4,0
2026-07-07 02:20:00,162.026,162.028,162.013,162.028,71,4,0
2026-07-07 02:25:00,162.028,162.03,162.024,162.028,69,4,0
2026-07-07 02:30:00,162.029,162.031,162.012,162.018,101,4,0
2026-07-07 02:35:00,162.018,162.058,162.017,162.054,90,4,0
2026-07-07 02:40:00,162.054,162.071,162.052,162.064,150,4,0
2026-07-07 02:45:00,162.064,162.065,162.05,162.065,137,4,0
2026-07-07 02:50:00,162.065,162.092,162.06,162.081,213,4,0
2026-07-07 02:55:00,162.081,162.108,162.08,162.091,146,4,0
2026-07-07 03:00:00,162.092,162.111,162.081,162.097,358,3,0
2026-07-07 03:05:00,162.097,162.126,162.094,162.111,376,3,0
2026-07-07 03:10:00,162.111,162.132,162.106,162.13,261,3,0
2026-07-07 03:15:00,162.131,162.163,162.126,162.161,299,3,0
2026-07-07 03:20:00,162.162,162.181,162.158,162.175,284,3,0
2026-07-07 03:25:00,162.175,162.176,162.162,162.168,239,3,0
2026-07-07 03:30:00,162.168,162.17,162.145,162.15,220,3,0
2026-07-07 03:35:00,162.15,162.16,162.14,162.157,299,3,0
2026-07-07 03:40:00,162.157,162.165,162.137,162.145,254,3,0
2026-07-07 03:45:00,162.145,162.16,162.122,162.16,381,3,0
2026-07-07 03:50:00,162.161,162.175,162.084,162.093,649,3,0
2026-07-07 03:55:00,162.093,162.132,162.081,162.132,494,3,0
2026-07-07 04:00:00,162.132,162.142,162.106,162.124,316,3,0
2026-07-07 04:05:00,162.123,162.128,162.112,162.122,203,3,0
2026-07-07 04:10:00,162.122,162.145,162.117,162.127,287,3,0
2026-07-07 04:15:00,162.127,162.13,162.105,162.119,287,3,0
2026-07-07 04:20:00,162.119,162.121,162.068,162.093,376,3,0
2026-07-07 04:25:00,162.093,162.097,162.022,162.022,320,3,0
2026-07-07 04:30:00,162.022,162.022,161.708,161.896,1246,3,0
2026-07-07 04:35:00,161.896,161.967,161.884,161.966,495,3,0
2026-07-07 04:40:00,161.966,161.978,161.942,161.974,498,3,0
2026-07-07 04:45:00,161.974,161.977,161.83,161.857,623,3,0
2026-07-07 04:50:00,161.856,161.874,161.775,161.793,940,3,0
2026-07-07 04:55:00,161.793,161.876,161.779,161.873,526,3,0
2026-07-07 05:00:00,161.873,161.889,161.796,161.796,553,3,0
2026-07-07 05:05:00,161.796,161.876,161.796,161.867,346,3,0
2026-07-07 05:10:00,161.866,161.882,161.842,161.871,300,3,0
2026-07-07 05:15:00,161.871,161.887,161.847,161.883,266,3,0
2026-07-07 05:20:00,161.885,161.912,161.87,161.872,243,3,0
2026-07-07 05:25:00,161.872,161.912,161.867,161.911,191,3,0
2026-07-07 05:30:00,161.911,161.928,161.898,161.899,255,3,0
2026-07-07 05:35:00,161.899,161.901,161.866,161.883,297,3,0
2026-07-07 05:40:00,161.883,161.9,161.873,161.896,216,3,0
2026-07-07 05:45:00,161.897,161.912,161.896,161.912,202,3,0
2026-07-07 05:50:00,161.911,161.911,161.884,161.898,222,3,0
2026-07-07 05:55:00,161.898,161.924,161.893,161.92,297,3,0
2026-07-07 06:00:00,161.92,161.925,161.885,161.921,318,3,0
2026-07-07 06:05:00,161.921,161.924,161.881,161.907,353,3,0
2026-07-07 06:10:00,161.907,161.911,161.895,161.898,233,3,0
2026-07-07 06:15:00,161.898,161.899,161.824,161.833,428,3,0
2026-07-07 06:20:00,161.832,161.835,161.791,161.816,533,3,0
2026-07-07 06:25:00,161.816,161.837,161.81,161.827,333,3,0
2026-07-07 06:30:00,161.827,161.853,161.817,161.82,383,3,0
2026-07-07 06:35:00,161.82,161.863,161.812,161.863,240,3,0
2026-07-07 06:40:00,161.863,161.899,161.862,161.885,290,3,0
2026-07-07 06:45:00,161.886,161.889,161.854,161.858,252,3,0
2026-07-07 06:50:00,161.859,161.878,161.856,161.868,222,3,0
2026-07-07 06:55:00,161.867,161.874,161.862,161.873,228,3,0
2026-07-07 07:00:00,161.874,161.883,161.87,161.878,206,3,0
2026-07-07 07:05:00,161.879,161.884,161.843,161.848,253,3,0
2026-07-07 07:10:00,161.848,161.857,161.831,161.835,194,3,0
2026-07-07 07:15:00,161.835,161.848,161.832,161.844,170,3,0
2026-07-07 07:20:00,161.844,161.848,161.79,161.804,265,3,0
2026-07-07 07:25:00,161.803,161.81,161.794,161.804,271,3,0
2026-07-07 07:30:00,161.803,161.804,161.752,161.771,352,3,0
2026-07-07 07:35:00,161.771,161.78,161.744,161.744,361,3,0
2026-07-07 07:40:00,161.744,161.744,161.676,161.725,455,3,0
2026-07-07 07:45:00,161.725,161.731,161.683,161.704,461,3,0
2026-07-07 07:50:00,161.704,161.73,161.685,161.719,306,3,0
2026-07-07 07:55:00,161.719,161.798,161.718,161.798,377,3,0
2026-07-07 08:00:00,161.798,161.806,161.768,161.783,430,3,0
2026-07-07 08:05:00,161.783,161.793,161.759,161.76,345,3,0
2026-07-07 08:10:00,161.76,161.796,161.749,161.784,315,3,0
2026-07-07 08:15:00,161.784,161.826,161.778,161.825,309,3,0
2026-07-07 08:20:00,161.825,161.893,161.824,161.883,397,3,0
2026-07-07 08:25:00,161.883,161.889,161.847,161.856,382,3,0
2026-07-07 08:30:00,161.857,161.869,161.807,161.82,466,3,0
2026-07-07 08:35:00,161.821,161.856,161.818,161.851,242,3,0
2026-07-07 08:40:00,161.852,161.862,161.838,161.858,386,3,0
2026-07-07 08:45:00,161.859,161.861,161.816,161.816,338,3,0
2026-07-07 08:50:00,161.816,161.869,161.813,161.856,413,3,0
2026-07-07 08:55:00,161.856,161.89,161.855,161.868,329,3,0
2026-07-07 09:00:00,161.868,161.899,161.86,161.898,393,3,0
2026-07-07 09:05:00,161.898,161.938,161.888,161.93,453,3,0
2026-07-07 09:10:00,161.93,161.953,161.912,161.928,478,3,0
2026-07-07 09:15:00,161.928,161.974,161.921,161.965,336,3,0
2026-07-07 09:20:00,161.965,161.99,161.952,161.986,288,3,0
2026-07-07 09:25:00,161.984,162.033,161.984,162.031,406,3,0
2026-07-07 09:30:00,162.031,162.033,161.98,161.999,379,3,0
2026-07-07 09:35:00,161.999,162.017,161.992,162.017,202,3,0
2026-07-07 09:40:00,162.017,162.026,161.99,162.0,279,3,0
2026-07-07 09:45:00,162.001,162.023,161.992,162.013,245,3,0
2026-07-07 09:50:00,162.013,162.031,162.002,162.031,280,3,0
2026-07-07 09:55:00,162.03,162.042,162.015,162.024,224,3,0
2026-07-07 10:00:00,162.024,162.081,162.023,162.078,357,3,0
2026-07-07 10:05:00,162.078,162.078,162.013,162.026,284,3,0
2026-07-07 10:10:00,162.024,162.026,161.986,161.989,334,3,0
2026-07-07 10:15:00,161.989,161.996,161.802,161.829,664,3,0
2026-07-07 10:20:00,161.829,161.904,161.65,161.904,1094,3,0
2026-07-07 10:25:00,161.904,161.964,161.894,161.963,403,3,0
2026-07-07 10:30:00,161.963,161.983,161.933,161.933,448,3,0
2026-07-07 10:35:00,161.932,161.967,161.886,161.964,588,3,0
2026-07-07 10:40:00,161.963,161.982,161.952,161.977,452,3,0
2026-07-07 10:45:00,161.977,161.992,161.901,161.948,595,3,0
2026-07-07 10:50:00,161.949,161.949,161.853,161.936,866,3,0
2026-07-07 10:55:00,161.936,161.985,161.918,161.961,608,3,0
2026-07-07 11:00:00,161.962,161.971,161.905,161.919,539,3,0
2026-07-07 11:05:00,161.919,161.929,161.901,161.903,446,3,0
2026-07-07 11:10:00,161.903,161.903,161.825,161.856,671,3,0
2026-07-07 11:15:00,161.856,161.877,161.851,161.873,501,3,0
2026-07-07 11:20:00,161.873,161.884,161.852,161.863,437,3,0
2026-07-07 11:25:00,161.862,161.93,161.852,161.926,381,3,0
2026-07-07 11:30:00,161.925,161.927,161.893,161.905,409,3,0
2026-07-07 11:35:00,161.906,161.948,161.884,161.884,446,3,0
2026-07-07 11:40:00,161.884,161.899,161.852,161.882,501,3,0
2026-07-07 11:45:00,161.884,161.923,161.851,161.857,546,3,0
2026-07-07 11:50:00,161.857,161.899,161.855,161.896,612,3,0
2026-07-07 11:55:00,161.896,161.913,161.883,161.901,455,3,0
2026-07-07 12:00:00,161.901,161.923,161.859,161.872,494,3,0
2026-07-07 12:05:00,161.871,161.881,161.838,161.844,462,3,0
2026-07-07 12:10:00,161.844,161.882,161.814,161.871,434,3,0
2026-07-07 12:15:00,161.871,161.871,161.841,161.868,337,3,0
2026-07-07 12:20:00,161.87,161.897,161.859,161.892,313,3,0
2026-07-07 12:25:00,161.893,161.898,161.872,161.88,346,3,0
2026-07-07 12:30:00,161.88,161.92,161.865,161.917,346,3,0
2026-07-07 12:35:00,161.917,161.924,161.897,161.901,255,3,0
2026-07-07 12:40:00,161.902,161.916,161.883,161.912,289,3,0
2026-07-07 12:45:00,161.912,161.952,161.899,161.952,311,3,0
2026-07-07 12:50:00,161.952,161.967,161.936,161.938,406,3,0
2026-07-07 12:55:00,161.938,161.944,161.922,161.937,341,3,0
2026-07-07 13:00:00,161.938,161.95,161.925,161.949,279,3,0
2026-07-07 13:05:00,161.948,161.964,161.924,161.928,312,3,0
2026-07-07 13:10:00,161.928,161.951,161.92,161.925,261,3,0
2026-07-07 13:15:00,161.925,161.925,161.881,161.91,320,3,0
2026-07-07 13:20:00,161.91,161.915,161.892,161.9,237,3,0
2026-07-07 13:25:00,161.901,161.909,161.884,161.888,253,3,0
2026-07-07 13:30:00,161.889,161.903,161.877,161.899,262,3,0
2026-07-07 13:35:00,161.899,161.916,161.891,161.892,281,3,0
2026-07-07 13:40:00,161.891,161.915,161.89,161.914,260,3,0
2026-07-07 13:45:00,161.914,161.942,161.907,161.94,185,3,0
2026-07-07 13:50:00,161.94,161.94,161.917,161.938,237,3,0
2026-07-07 13:55:00,161.939,161.941,161.926,161.938,210,3,0
2026-07-07 14:00:00,161.938,161.952,161.934,161.936,233,3,0
2026-07-07 14:05:00,161.936,161.937,161.901,161.922,328,3,0
2026-07-07 14:10:00,161.923,161.923,161.893,161.901,268,3,0
2026-07-07 14:15:00,161.9,161.902,161.859,161.877,426,3,0
2026-07-07 14:20:00,161.877,161.884,161.844,161.879,446,3,0
2026-07-07 14:25:00,161.879,161.913,161.879,161.903,441,3,0
2026-07-07 14:30:00,161.903,161.93,161.9,161.92,353,3,0
2026-07-07 14:35:00,161.921,161.942,161.92,161.921,276,3,0
2026-07-07 14:40:00,161.922,161.948,161.919,161.948,271,3,0
2026-07-07 14:45:00,161.948,161.951,161.917,161.923,395,3,0
2026-07-07 14:50:00,161.923,161.957,161.919,161.944,348,3,0
2026-07-07 14:55:00,161.943,161.953,161.901,161.919,367,3,0
2026-07-07 15:00:00,161.918,161.929,161.902,161.911,390,3,0
2026-07-07 15:05:00,161.911,161.917,161.887,161.889,320,3,0
2026-07-07 15:10:00,161.89,161.904,161.865,161.871,489,3,0
2026-07-07 15:15:00,161.871,161.877,161.848,161.866,464,3,0
2026-07-07 15:20:00,161.866,161.866,161.801,161.833,403,3,0
2026-07-07 15:25:00,161.833,161.84,161.781,161.789,368,3,0
2026-07-07 15:30:00,161.789,161.806,161.754,161.771,532,3,0
2026-07-07 15:35:00,161.771,161.802,161.755,161.799,565,3,0
2026-07-07 15:40:00,161.8,161.853,161.8,161.851,483,3,0
2026-07-07 15:45:00,161.85,161.864,161.833,161.864,388,3,0
2026-07-07 15:50:00,161.864,161.874,161.859,161.863,343,3,0
2026-07-07 15:55:00,161.864,161.865,161.831,161.838,427,3,0
2026-07-07 16:00:00,161.838,161.898,161.837,161.883,549,3,0
2026-07-07 16:05:00,161.883,161.893,161.869,161.875,407,3,0
2026-07-07 16:10:00,161.875,161.89,161.87,161.883,361,3,0
2026-07-07 16:15:00,161.883,161.889,161.847,161.876,430,3,0
2026-07-07 16:20:00,161.875,161.894,161.861,161.887,519,3,0
2026-07-07 16:25:00,161.888,161.898,161.867,161.882,445,3,0
2026-07-07 16:30:00,161.881,161.904,161.873,161.879,666,3,0
2026-07-07 16:35:00,161.879,161.884,161.833,161.839,534,3,0
2026-07-07 16:40:00,161.837,161.851,161.81,161.84,524,3,0
2026-07-07 16:45:00,161.84,161.888,161.835,161.865,426,3,0
2026-07-07 16:50:00,161.865,161.889,161.862,161.887,460,3,0
2026-07-07 16:55:00,161.886,161.9,161.869,161.895,554,3,0
2026-07-07 17:00:00,161.895,162.014,161.88,162.008,920,3,0
2026-07-07 17:05:00,162.009,162.023,161.978,161.998,818,3,0
2026-07-07 17:10:00,161.998,162.004,161.948,161.955,634,3,0
2026-07-07 17:15:00,161.955,161.964,161.924,161.929,741,3,0
2026-07-07 17:20:00,161.929,161.938,161.894,161.935,584,3,0
2026-07-07 17:25:00,161.935,161.956,161.927,161.93,511,3,0
2026-07-07 17:30:00,161.93,161.952,161.927,161.935,369,3,0
2026-07-07 17:35:00,161.935,161.959,161.926,161.935,368,3,0
2026-07-07 17:40:00,161.935,161.943,161.9,161.9,357,3,0
2026-07-07 17:45:00,161.899,161.903,161.868,161.887,436,3,0
2026-07-07 17:50:00,161.886,161.89,161.858,161.875,495,3,0
2026-07-07 17:55:00,161.875,161.974,161.872,161.913,1326,3,0
2026-07-07 18:00:00,161.914,161.944,161.895,161.924,807,3,0
2026-07-07 18:05:00,161.924,161.926,161.884,161.896,419,3,0
2026-07-07 18:10:00,161.897,161.924,161.896,161.899,339,3,0
2026-07-07 18:15:00,161.899,161.919,161.892,161.896,325,3,0
2026-07-07 18:20:00,161.896,161.914,161.894,161.911,282,3,0
2026-07-07 18:25:00,161.91,161.921,161.894,161.895,275,3,0
2026-07-07 18:30:00,161.895,161.925,161.89,161.914,486,3,0
2026-07-07 18:35:00,161.913,161.917,161.899,161.904,196,3,0
2026-07-07 18:40:00,161.902,161.905,161.857,161.877,300,3,0
2026-07-07 18:45:00,161.877,161.904,161.874,161.904,338,3,0
2026-07-07 18:50:00,161.904,161.931,161.897,161.929,243,3,0
2026-07-07 18:55:00,161.93,161.946,161.905,161.912,340,3,0
2026-07-07 19:00:00,161.913,161.917,161.895,161.9,301,3,0
2026-07-07 19:05:00,161.901,161.908,161.885,161.885,227,3,0
2026-07-07 19:10:00,161.888,161.903,161.869,161.892,245,3,0
2026-07-07 19:15:00,161.893,161.922,161.892,161.91,234,3,0
2026-07-07 19:20:00,161.91,161.931,161.905,161.927,271,3,0
2026-07-07 19:25:00,161.926,161.93,161.918,161.919,113,3,0
2026-07-07 19:30:00,161.919,161.931,161.918,161.931,288,3,0
2026-07-07 19:35:00,161.929,161.955,161.924,161.955,252,3,0
2026-07-07 19:40:00,161.955,161.958,161.93,161.931,192,3,0
2026-07-07 19:45:00,161.931,161.935,161.909,161.909,171,3,0
2026-07-07 19:50:00,161.908,161.942,161.908,161.942,169,3,0
2026-07-07 19:55:00,161.943,161.955,161.928,161.936,290,3,0
2026-07-07 20:00:00,161.937,161.944,161.905,161.915,265,3,0
2026-07-07 20:05:00,161.915,161.916,161.885,161.897,221,3,0
2026-07-07 20:10:00,161.897,161.92,161.897,161.916,174,3,0
2026-07-07 20:15:00,161.917,161.93,161.912,161.924,241,3,0
2026-07-07 20:20:00,161.924,161.928,161.915,161.918,183,3,0
2026-07-07 20:25:00,161.918,161.941,161.916,161.935,202,3,0
2026-07-07 20:30:00,161.935,161.936,161.918,161.928,127,3,0
2026-07-07 20:35:00,161.927,161.931,161.899,161.903,170,3,0
2026-07-07 20:40:00,161.903,161.915,161.9,161.904,168,3,0
2026-07-07 20:45:00,161.904,161.916,161.901,161.905,132,3,0
2026-07-07 20:50:00,161.905,161.906,161.88,161.89,156,3,0
2026-07-07 20:55:00,161.89,161.892,161.879,161.892,145,3,0
2026-07-07 21:00:00,161.892,161.914,161.89,161.907,205,3,0
2026-07-07 21:05:00,161.906,161.914,161.9,161.902,120,3,0
2026-07-07 21:10:00,161.901,161.91,161.89,161.896,157,3,0
2026-07-07 21:15:00,161.896,161.898,161.886,161.888,95,3,0
2026-07-07 21:20:00,161.888,161.89,161.875,161.88,103,3,0
2026-07-07 21:25:00,161.879,161.891,161.876,161.891,171,3,0
2026-07-07 21:30:00,161.891,161.903,161.87,161.874,305,3,0
2026-07-07 21:35:00,161.874,161.874,161.859,161.865,190,3,0
2026-07-07 21:40:00,161.865,161.876,161.861,161.861,159,3,0
2026-07-07 21:45:00,161.861,161.921,161.859,161.892,345,3,0
2026-07-07 21:50:00,161.892,161.968,161.887,161.959,656,3,0
2026-07-07 21:55:00,161.958,161.971,161.902,161.933,721,3,0
2026-07-07 22:00:00,161.932,161.995,161.932,161.99,500,3,0
2026-07-07 22:05:00,161.99,162.043,161.99,162.039,469,4,0
2026-07-07 22:10:00,162.039,162.09,162.03,162.088,381,4,0
2026-07-07 22:15:00,162.088,162.136,162.086,162.086,666,4,0
2026-07-07 22:20:00,162.086,162.101,162.066,162.094,539,4,0
2026-07-07 22:25:00,162.094,162.109,162.085,162.094,402,4,0
2026-07-07 22:30:00,162.094,162.095,162.034,162.037,448,4,0
2026-07-07 22:35:00,162.037,162.054,162.025,162.053,378,4,0
2026-07-07 22:40:00,162.054,162.067,162.046,162.067,275,4,0
2026-07-07 22:45:00,162.067,162.084,162.053,162.073,302,4,0
2026-07-07 22:50:00,162.073,162.073,162.05,162.053,269,4,0
2026-07-07 22:55:00,162.054,162.086,162.052,162.075,358,4,0
2026-07-07 23:00:00,162.073,162.088,162.051,162.058,320,4,0
2026-07-07 23:05:00,162.059,162.088,162.057,162.086,97,4,0
2026-07-07 23:10:00,162.086,162.103,162.086,162.099,89,4,0
2026-07-07 23:15:00,162.099,162.104,162.088,162.096,125,4,0
2026-07-07 23:20:00,162.095,162.1,162.086,162.089,67,4,0
2026-07-07 23:25:00,162.089,162.089,162.064,162.077,119,4,0
2026-07-07 23:30:00,162.077,162.094,162.072,162.091,128,4,0
2026-07-07 23:35:00,162.091,162.103,162.085,162.091,86,4,0
2026-07-07 23:40:00,162.091,162.098,162.088,162.095,98,4,0
2026-07-07 23:45:00,162.095,162.1,162.086,162.089,124,4,0
2026-07-07 23:50:00,162.088,162.102,162.08,162.1,204,20,0
2026-07-07 23:55:00,162.1,162.117,162.082,162.092,170,18,0
2026-07-08 00:00:00,162.092,162.092,161.962,162.041,138,34,0
2026-07-08 00:05:00,162.041,162.045,162.04,162.045,12,103,0
2026-07-08 00:10:00,162.043,162.045,162.04,162.043,22,102,0
2026-07-08 00:15:00,162.049,162.1,162.043,162.1,196,57,0
2026-07-08 00:20:00,162.1,162.134,162.068,162.129,49,34,0
2026-07-08 00:25:00,162.129,162.144,162.129,162.135,23,30,0
2026-07-08 00:30:00,162.135,162.146,162.095,162.141,71,37,0
2026-07-08 00:35:00,162.141,162.144,162.109,162.11,39,34,0
2026-07-08 00:40:00,162.11,162.111,162.11,162.11,7,51,0
2026-07-08 00:45:00,162.11,162.138,162.108,162.137,45,33,0
2026-07-08 00:50:00,162.137,162.161,162.112,162.129,38,29,0
2026-07-08 00:55:00,162.129,162.133,162.114,162.132,16,46,0
2026-07-08 01:00:00,162.155,162.187,162.126,162.15,187,11,0
2026-07-08 01:05:00,162.15,162.172,162.148,162.17,69,19,0
2026-07-08 01:10:00,162.165,162.171,162.151,162.161,709,25,0
2026-07-08 01:15:00,162.161,162.162,162.1,162.1,144,20,0
2026-07-08 01:20:00,162.1,162.131,162.1,162.129,108,27,0
2026-07-08 01:25:00,162.128,162.131,162.111,162.131,208,17,0
2026-07-08 01:30:00,162.131,162.17,162.13,162.17,182,22,0
2026-07-08 01:35:00,162.17,162.171,162.151,162.156,81,20,0
2026-07-08 01:40:00,162.156,162.16,162.153,162.154,70,25,0
2026-07-08 01:45:00,162.154,162.195,162.154,162.185,78,4,0
2026-07-08 01:50:00,162.185,162.194,162.181,162.184,55,5,0
2026-07-08 01:55:00,162.184,162.185,162.176,162.182,37,4,0
2026-07-08 02:00:00,162.183,162.206,162.164,162.168,124,4,0
2026-07-08 02:05:00,162.168,162.221,162.165,162.219,145,4,0
2026-07-08 02:10:00,162.219,162.279,162.201,162.268,260,4,0
2026-07-08 02:15:00,162.269,162.286,162.24,162.263,248,4,0
2026-07-08 02:20:00,162.262,162.288,162.255,162.276,97,4,0
2026-07-08 02:25:00,162.276,162.292,162.271,162.281,112,4,0
2026-07-08 02:30:00,162.281,162.284,162.25,162.252,88,4,0
2026-07-08 02:35:00,162.25,162.318,162.25,162.293,186,4,0
2026-07-08 02:40:00,162.293,162.318,162.29,162.317,120,4,0
2026-07-08 02:45:00,162.317,162.343,162.3,162.342,260,4,0
2026-07-08 02:50:00,162.342,162.348,162.329,162.346,162,4,0
2026-07-08 02:55:00,162.346,162.364,162.329,162.357,248,4,0
2026-07-08 03:00:00,162.36,162.387,162.315,162.326,689,3,0
2026-07-08 03:05:00,162.328,162.349,162.306,162.342,496,3,0
2026-07-08 03:10:00,162.342,162.354,162.311,162.342,433,3,0
2026-07-08 03:15:00,162.339,162.399,162.33,162.369,608,3,0
2026-07-08 03:20:00,162.369,162.402,162.333,162.345,477,3,0
2026-07-08 03:25:00,162.344,162.394,162.337,162.384,445,3,0
2026-07-08 03:30:00,162.384,162.386,162.353,162.359,316,3,0
2026-07-08 03:35:00,162.358,162.362,162.317,162.325,335,3,0
2026-07-08 03:40:00,162.325,162.338,162.315,162.335,351,3,0
2026-07-08 03:45:00,162.335,162.341,162.299,162.304,309,3,0
2026-07-08 03:50:00,162.304,162.337,162.247,162.321,654,3,0
2026-07-08 03:55:00,162.321,162.35,162.304,162.346,463,3,0
2026-07-08 04:00:00,162.346,162.35,162.282,162.338,577,3,0
2026-07-08 04:05:00,162.338,162.367,162.333,162.352,382,3,0
2026-07-08 04:10:00,162.352,162.352,162.324,162.332,292,3,0
2026-07-08 04:15:00,162.332,162.382,162.331,162.378,317,3,0
2026-07-08 04:20:00,162.379,162.395,162.367,162.392,292,3,0
2026-07-08 04:25:00,162.392,162.418,162.387,162.415,302,3,0
2026-07-08 04:30:00,162.416,162.429,162.385,162.405,418,3,0
2026-07-08 04:35:00,162.405,162.416,162.382,162.407,327,3,0
2026-07-08 04:40:00,162.407,162.463,162.403,162.445,344,3,0
2026-07-08 04:45:00,162.445,162.445,162.374,162.378,741,3,0
2026-07-08 04:50:00,162.378,162.398,162.351,162.375,519,3,0
2026-07-08 04:55:00,162.375,162.377,162.346,162.358,178,3,0
2026-07-08 05:00:00,162.358,162.376,162.335,162.376,377,3,0
2026-07-08 05:05:00,162.376,162.388,162.348,162.382,404,3,0
2026-07-08 05:10:00,162.382,162.432,162.379,162.422,403,3,0
2026-07-08 05:15:00,162.422,162.423,162.389,162.393,408,3,0
2026-07-08 05:20:00,162.392,162.414,162.365,162.387,318,3,0
2026-07-08 05:25:00,162.387,162.39,162.369,162.39,422,3,0
2026-07-08 05:30:00,162.39,162.403,162.383,162.39,285,3,0
2026-07-08 05:35:00,162.39,162.403,162.374,162.378,209,3,0
2026-07-08 05:40:00,162.378,162.385,162.364,162.366,259,3,0
2026-07-08 05:45:00,162.367,162.383,162.36,162.365,276,3,0
2026-07-08 05:50:00,162.366,162.375,162.356,162.362,301,3,0
2026-07-08 05:55:00,162.363,162.371,162.343,162.344,211,3,0
2026-07-08 06:00:00,162.344,162.345,162.29,162.33,528,3,0
2026-07-08 06:05:00,162.33,162.351,162.326,162.344,289,3,0
2026-07-08 06:10:00,162.345,162.346,162.301,162.31,365,3,0
2026-07-08 06:15:00,162.308,162.325,162.306,162.31,239,3,0
2026-07-08 06:20:00,162.31,162.322,162.29,162.304,171,3,0
2026-07-08 06:25:00,162.304,162.321,162.302,162.307,204,3,0
2026-07-08 06:30:00,162.306,162.333,162.305,162.33,280,3,0
2026-07-08 06:35:00,162.33,162.338,162.33,162.338,226,3,0
2026-07-08 06:40:00,162.338,162.351,162.319,162.326,227,3,0
2026-07-08 06:45:00,162.327,162.335,162.32,162.334,238,3,0
2026-07-08 06:50:00,162.335,162.349,162.33,162.336,211,3,0
2026-07-08 06:55:00,162.335,162.351,162.335,162.34,225,3,0
2026-07-08 07:00:00,162.34,162.374,162.339,162.347,293,3,0
2026-07-08 07:05:00,162.347,162.377,162.335,162.345,249,3,0
2026-07-08 07:10:00,162.344,162.364,162.338,162.361,171,3,0
2026-07-08 07:15:00,162.361,162.382,162.361,162.38,143,3,0
2026-07-08 07:20:00,162.379,162.394,162.379,162.391,192,3,0
2026-07-08 07:25:00,162.391,162.391,162.373,162.385,142,3,0
2026-07-08 07:30:00,162.385,162.388,162.36,162.372,179,3,0
2026-07-08 07:35:00,162.371,162.374,162.354,162.366,180,3,0
2026-07-08 07:40:00,162.366,162.404,162.359,162.388,229,3,0
2026-07-08 07:45:00,162.389,162.403,162.377,162.4,205,3,0
2026-07-08 07:50:00,162.399,162.405,162.382,162.39,149,3,0
2026-07-08 07:55:00,162.39,162.39,162.362,162.365,200,3,0
2026-07-08 08:00:00,162.365,162.375,162.348,162.35,334,3,0
2026-07-08 08:05:00,162.35,162.362,162.343,162.36,279,3,0
2026-07-08 08:10:00,162.361,162.365,162.337,162.345,317,3,0
2026-07-08 08:15:00,162.345,162.345,162.324,162.332,243,3,0
2026-07-08 08:20:00,162.332,162.356,162.33,162.347,247,3,0
2026-07-08 08:25:00,162.348,162.355,162.331,162.332,218,3,0
2026-07-08 08:30:00,162.332,162.332,162.305,162.311,314,3,0
2026-07-08 08:35:00,162.311,162.314,162.292,162.294,235,3,0
2026-07-08 08:40:00,162.294,162.299,162.219,162.26,489,3,0
2026-07-08 08:45:00,162.261,162.281,162.236,162.274,354,3,0
2026-07-08 08:50:00,162.274,162.298,162.265,162.284,356,3,0
2026-07-08 08:55:00,162.285,162.331,162.284,162.296,401,3,0
2026-07-08 09:00:00,162.296,162.307,162.247,162.295,588,3,0
2026-07-08 09:05:00,162.294,162.296,162.248,162.253,458,3,0
2026-07-08 09:10:00,162.253,162.287,162.253,162.268,349,3,0
2026-07-08 09:15:00,162.267,162.283,162.244,162.247,396,3,0
2026-07-08 09:20:00,162.247,162.272,162.238,162.248,498,3,0
2026-07-08 09:25:00,162.248,162.259,162.175,162.202,557,3,0
2026-07-08 09:30:00,162.204,162.205,162.129,162.136,728,3,0
2026-07-08 09:35:00,162.136,162.176,162.084,162.086,593,3,0
2026-07-08 09:40:00,162.086,162.158,162.077,162.126,546,3,0
2026-07-08 09:45:00,162.125,162.195,162.125,162.191,481,3,0
2026-07-08 09:50:00,162.192,162.218,162.173,162.181,372,3,0
2026-07-08 09:55:00,162.181,162.217,162.167,162.207,393,3,0
2026-07-08 10:00:00,162.207,162.227,162.191,162.221,543,3,0
2026-07-08 10:05:00,162.22,162.291,162.219,162.258,672,3,0
2026-07-08 10:10:00,162.258,162.269,162.227,162.246,501,3,0
2026-07-08 10:15:00,162.246,162.273,162.21,162.211,449,3,0
2026-07-08 10:20:00,162.211,162.236,162.199,162.227,627,3,0
2026-07-08 10:25:00,162.227,162.246,162.197,162.201,470,3,0
2026-07-08 10:30:00,162.202,162.209,162.181,162.204,467,3,0
2026-07-08 10:35:00,162.204,162.231,162.193,162.202,381,3,0
2026-07-08 10:40:00,162.202,162.206,162.19,162.202,258,3,0
2026-07-08 10:45:00,162.202,162.24,162.2,162.215,327,3,0
2026-07-08 10:50:00,162.215,162.232,162.21,162.227,291,3,0
2026-07-08 10:55:00,162.227,162.231,162.195,162.222,423,3,0
2026-07-08 11:00:00,162.222,162.269,162.209,162.251,441,3,0
2026-07-08 11:05:00,162.252,162.268,162.242,162.257,356,3,0
2026-07-08 11:10:00,162.257,162.315,162.246,162.311,392,3,0
2026-07-08 11:15:00,162.312,162.447,162.29,162.414,1569,3,0
2026-07-08 11:20:00,162.413,162.414,162.365,162.392,1041,3,0
2026-07-08 11:25:00,162.393,162.405,162.371,162.386,621,3,0
2026-07-08 11:30:00,162.386,162.419,162.349,162.384,791,3,0
2026-07-08 11:35:00,162.383,162.438,162.378,162.436,530,3,0
2026-07-08 11:40:00,162.436,162.463,162.421,162.433,594,3,0
2026-07-08 11:45:00,162.434,162.439,162.392,162.438,572,3,0
2026-07-08 11:50:00,162.437,162.468,162.432,162.468,523,3,0
2026-07-08 11:55:00,162.468,162.496,162.449,162.489,541,3,0
2026-07-08 12:00:00,162.489,162.539,162.254,162.447,886,3,0
2026-07-08 12:05:00,162.447,162.48,162.429,162.479,532,3,0
2026-07-08 12:10:00,162.479,162.544,162.478,162.535,736,3,0
2026-07-08 12:15:00,162.535,162.556,162.466,162.513,766,3,0
2026-07-08 12:20:00,162.513,162.513,162.463,162.481,593,3,0
2026-07-08 12:25:00,162.48,162.508,162.467,162.476,565,3,0
2026-07-08 12:30:00,162.475,162.505,162.435,162.439,519,3,0
2026-07-08 12:35:00,162.439,162.478,162.438,162.443,440,3,0
2026-07-08 12:40:00,162.443,162.481,162.443,162.448,378,3,0
2026-07-08 12:45:00,162.449,162.45,162.399,162.402,494,3,0
2026-07-08 12:50:00,162.402,162.426,162.386,162.408,462,3,0
2026-07-08 12:55:00,162.408,162.465,162.406,162.461,501,3,0
2026-07-08 13:00:00,162.461,162.465,162.422,162.432,506,3,0
2026-07-08 13:05:00,162.432,162.452,162.419,162.449,366,3,0
2026-07-08 13:10:00,162.448,162.466,162.437,162.447,351,3,0
2026-07-08 13:15:00,162.448,162.458,162.435,162.436,343,3,0
2026-07-08 13:20:00,162.436,162.44,162.412,162.438,445,3,0
2026-07-08 13:25:00,162.438,162.451,162.435,162.439,330,3,0
2026-07-08 13:30:00,162.438,162.443,162.407,162.412,399,3,0
2026-07-08 13:35:00,162.413,162.422,162.406,162.413,331,3,0
2026-07-08 13:40:00,162.414,162.426,162.407,162.412,290,3,0
2026-07-08 13:45:00,162.412,162.461,162.411,162.451,369,3,0
2026-07-08 13:50:00,162.451,162.475,162.45,162.462,364,3,0
2026-07-08 13:55:00,162.462,162.478,162.456,162.475,272,3,0
2026-07-08 14:00:00,162.475,162.501,162.474,162.488,356,3,0
2026-07-08 14:05:00,162.488,162.498,162.475,162.483,308,3,0
2026-07-08 14:10:00,162.483,162.491,162.47,162.472,306,3,0
2026-07-08 14:15:00,162.472,162.494,162.469,162.493,234,3,0
2026-07-08 14:20:00,162.493,162.507,162.479,162.486,362,3,0
2026-07-08 14:25:00,162.487,162.497,162.471,162.486,324,3,0
2026-07-08 14:30:00,162.486,162.516,162.484,162.51,350,3,0
2026-07-08 14:35:00,162.51,162.553,162.509,162.539,549,3,0
2026-07-08 14:40:00,162.539,162.542,162.423,162.477,788,3,0
2026-07-08 14:45:00,162.477,162.496,162.462,162.494,625,3,0
2026-07-08 14:50:00,162.495,162.525,162.493,162.515,439,3,0
2026-07-08 14:55:00,162.516,162.547,162.509,162.537,439,3,0
2026-07-08 15:00:00,162.537,162.54,162.483,162.486,489,3,0
2026-07-08 15:05:00,162.487,162.506,162.471,162.492,546,3,0
2026-07-08 15:10:00,162.493,162.498,162.474,162.496,460,3,0
2026-07-08 15:15:00,162.496,162.496,162.445,162.476,545,3,0
2026-07-08 15:20:00,162.476,162.501,162.473,162.499,609,3,0
2026-07-08 15:25:00,162.499,162.505,162.473,162.475,486,3,0
2026-07-08 15:30:00,162.475,162.485,162.463,162.474,498,3,0
2026-07-08 15:35:00,162.475,162.492,162.47,162.471,317,3,0
2026-07-08 15:40:00,162.471,162.486,162.463,162.48,293,3,0
2026-07-08 15:45:00,162.48,162.483,162.46,162.472,303,3,0
2026-07-08 15:50:00,162.472,162.483,162.446,162.448,323,3,0
2026-07-08 15:55:00,162.448,162.523,162.448,162.519,1070,3,0
2026-07-08 16:00:00,162.52,162.548,162.511,162.528,584,3,0
2026-07-08 16:05:00,162.528,162.541,162.514,162.515,513,3,0
2026-07-08 16:10:00,162.515,162.532,162.505,162.522,474,3,0
2026-07-08 16:15:00,162.522,162.563,162.512,162.525,409,3,0
2026-07-08 16:20:00,162.525,162.533,162.507,162.517,368,3,0
2026-07-08 16:25:00,162.517,162.533,162.495,162.529,555,3,0
2026-07-08 16:30:00,162.529,162.529,162.485,162.504,697,3,0
2026-07-08 16:35:00,162.504,162.518,162.488,162.511,506,3,0
2026-07-08 16:40:00,162.511,162.546,162.501,162.522,525,3,0
2026-07-08 16:45:00,162.523,162.531,162.513,162.524,404,3,0
2026-07-08 16:50:00,162.524,162.566,162.523,162.551,541,3,0
2026-07-08 16:55:00,162.551,162.56,162.511,162.539,490,3,0
2026-07-08 17:00:00,162.539,162.55,162.513,162.529,370,3,0
2026-07-08 17:05:00,162.529,162.555,162.513,162.537,424,3,0
2026-07-08 17:10:00,162.537,162.546,162.526,162.541,342,3,0
2026-07-08 17:15:00,162.542,162.552,162.536,162.538,329,3,0
2026-07-08 17:20:00,162.538,162.542,162.524,162.53,285,3,0
2026-07-08 17:25:00,162.53,162.562,162.526,162.55,355,3,0
2026-07-08 17:30:00,162.551,162.598,162.549,162.582,389,3,0
2026-07-08 17:35:00,162.582,162.599,162.566,162.582,321,3,0
2026-07-08 17:40:00,162.582,162.582,162.55,162.566,352,3,0
2026-07-08 17:45:00,162.567,162.604,162.566,162.589,387,3,0
2026-07-08 17:50:00,162.59,162.597,162.568,162.595,298,3,0
2026-07-08 17:55:00,162.595,162.623,162.594,162.609,476,3,0
2026-07-08 18:00:00,162.609,162.648,162.605,162.623,528,3,0
2026-07-08 18:05:00,162.622,162.629,162.593,162.612,425,3,0
2026-07-08 18:10:00,162.612,162.647,162.611,162.645,325,3,0
2026-07-08 18:15:00,162.644,162.676,162.641,162.664,417,3,0
2026-07-08 18:20:00,162.663,162.689,162.663,162.671,375,3,0
2026-07-08 18:25:00,162.671,162.673,162.658,162.661,382,3,0
2026-07-08 18:30:00,162.661,162.704,162.656,162.688,396,3,0
2026-07-08 18:35:00,162.688,162.702,162.665,162.696,403,3,0
2026-07-08 18:40:00,162.696,162.711,162.689,162.69,305,3,0
2026-07-08 18:45:00,162.69,162.702,162.684,162.686,274,3,0
2026-07-08 18:50:00,162.686,162.688,162.655,162.663,329,3,0
2026-07-08 18:55:00,162.663,162.678,162.658,162.672,271,3,0
2026-07-08 19:00:00,162.671,162.672,162.644,162.648,347,3,0
2026-07-08 19:05:00,162.648,162.649,162.63,162.646,359,3,0
2026-07-08 19:10:00,162.646,162.656,162.633,162.649,310,3,0
2026-07-08 19:15:00,162.648,162.655,162.622,162.627,246,3,0
2026-07-08 19:20:00,162.627,162.634,162.613,162.634,272,3,0
2026-07-08 19:25:00,162.632,162.655,162.629,162.652,385,3,0
2026-07-08 19:30:00,162.652,162.657,162.63,162.632,372,3,0
2026-07-08 19:35:00,162.632,162.634,162.588,162.6,532,3,0
2026-07-08 19:40:00,162.601,162.609,162.517,162.522,806,3,0
2026-07-08 19:45:00,162.519,162.538,162.502,162.527,410,3,0
2026-07-08 19:50:00,162.527,162.54,162.523,162.528,368,3,0
2026-07-08 19:55:00,162.528,162.552,162.513,162.535,455,3,0
2026-07-08 20:00:00,162.534,162.534,162.497,162.528,398,3,0
2026-07-08 20:05:00,162.528,162.529,162.471,162.481,427,3,0
2026-07-08 20:10:00,162.481,162.49,162.442,162.489,431,3,0
2026-07-08 20:15:00,162.487,162.488,162.461,162.463,327,3,0
2026-07-08 20:20:00,162.463,162.464,162.42,162.442,373,3,0
2026-07-08 20:25:00,162.442,162.486,162.441,162.484,365,3,0
2026-07-08 20:30:00,162.484,162.493,162.462,162.464,387,3,0
2026-07-08 20:35:00,162.464,162.502,162.462,162.5,298,3,0
2026-07-08 20:40:00,162.501,162.528,162.5,162.523,282,3,0
2026-07-08 20:45:00,162.523,162.542,162.519,162.542,233,3,0
2026-07-08 20:50:00,162.542,162.554,162.53,162.547,235,3,0
2026-07-08 20:55:00,162.546,162.552,162.524,162.524,183,3,0
2026-07-08 21:00:00,162.527,162.557,162.502,162.54,268,3,0
2026-07-08 21:05:00,162.539,162.542,162.518,162.522,321,3,0
2026-07-08 21:10:00,162.523,162.53,162.453,162.467,379,3,0
2026-07-08 21:15:00,162.467,162.49,162.462,162.485,289,3,0
2026-07-08 21:20:00,162.486,162.49,162.461,162.466,278,3,0
2026-07-08 21:25:00,162.466,162.476,162.459,162.463,260,3,0
2026-07-08 21:30:00,162.463,162.494,162.46,162.486,245,3,0
2026-07-08 21:35:00,162.486,162.486,162.447,162.449,196,3,0
2026-07-08 21:40:00,162.448,162.463,162.444,162.453,207,3,0
2026-07-08 21:45:00,162.453,162.463,162.448,162.459,258,3,0
2026-07-08 21:50:00,162.459,162.486,162.449,162.474,215,3,0
2026-07-08 21:55:00,162.474,162.485,162.47,162.477,211,3,0
2026-07-08 22:00:00,162.477,162.478,162.456,162.456,225,4,0
2026-07-08 22:05:00,162.456,162.46,162.445,162.449,210,4,0
2026-07-08 22:10:00,162.449,162.463,162.437,162.446,197,4,0
2026-07-08 22:15:00,162.446,162.461,162.438,162.447,142,4,0
2026-07-08 22:20:00,162.447,162.458,162.436,162.448,197,4,0
2026-07-08 22:25:00,162.448,162.451,162.432,162.442,200,4,0
2026-07-08 22:30:00,162.442,162.447,162.423,162.443,321,4,0
2026-07-08 22:35:00,162.443,162.452,162.437,162.45,142,4,0
2026-07-08 22:40:00,162.45,162.493,162.45,162.489,195,4,0
2026-07-08 22:45:00,162.489,162.555,162.487,162.547,387,4,0
2026-07-08 22:50:00,162.547,162.555,162.506,162.507,305,4,0
2026-07-08 22:55:00,162.507,162.507,162.46,162.476,456,4,0
2026-07-08 23:00:00,162.476,162.506,162.472,162.505,270,4,0
2026-07-08 23:05:00,162.506,162.506,162.473,162.474,195,4,0
2026-07-08 23:10:00,162.475,162.527,162.47,162.526,206,4,0
2026-07-08 23:15:00,162.526,162.54,162.516,162.531,121,4,0
2026-07-08 23:20:00,162.532,162.538,162.519,162.536,98,4,0
2026-07-08 23:25:00,162.536,162.548,162.519,162.54,130,4,0
2026-07-08 23:30:00,162.539,162.575,162.537,162.57,180,4,0
2026-07-08 23:35:00,162.57,162.617,162.568,162.596,198,4,0
2026-07-08 23:40:00,162.598,162.606,162.581,162.604,109,4,0
2026-07-08 23:45:00,162.604,162.616,162.586,162.614,312,5,0
2026-07-08 23:50:00,162.614,162.618,162.599,162.61,183,19,0
2026-07-08 23:55:00,162.61,162.639,162.567,162.576,273,22,0
2026-07-09 00:00:00,162.576,162.582,162.432,162.5,16,35,0
2026-07-09 00:05:00,162.5,162.5,162.437,162.488,13,131,0
2026-07-09 00:10:00,162.488,162.512,162.443,162.506,70,68,0
2026-07-09 00:15:00,162.504,162.523,162.487,162.523,51,49,0
2026-07-09 00:20:00,162.523,162.578,162.514,162.566,39,36,0
2026-07-09 00:25:00,162.566,162.566,162.518,162.548,34,32,0
2026-07-09 00:30:00,162.548,162.548,162.547,162.547,6,35,0
2026-07-09 00:35:00,162.547,162.567,162.528,162.559,66,18,0
2026-07-09 00:40:00,162.559,162.564,162.537,162.558,64,46,0
2026-07-09 00:45:00,162.558,162.558,162.536,162.554,13,24,0
2026-07-09 00:50:00,162.554,162.557,162.53,162.55,13,25,0
2026-07-09 00:55:00,162.53,162.567,162.53,162.542,50,32,0
2026-07-09 01:00:00,162.542,162.6,162.53,162.595,115,26,0
2026-07-09 01:05:00,162.595,162.596,162.58,162.593,54,24,0
2026-07-09 01:10:00,162.593,162.593,162.579,162.581,31,28,0
2026-07-09 01:15:00,162.581,162.583,162.579,162.581,730,25,0
2026-07-09 01:20:00,162.581,162.584,162.579,162.581,1066,27,0
2026-07-09 01:25:00,162.58,162.584,162.579,162.58,28,24,0
2026-07-09 01:30:00,162.58,162.58,162.564,162.566,43,23,0
2026-07-09 01:35:00,162.564,162.57,162.563,162.566,35,27,0
2026-07-09 01:40:00,162.566,162.569,162.564,162.566,33,29,0
2026-07-09 01:45:00,162.566,162.578,162.56,162.563,71,7,0
2026-07-09 01:50:00,162.564,162.566,162.56,162.561,52,8,0
2026-07-09 01:55:00,162.561,162.566,162.554,162.56,72,5,0
2026-07-09 02:00:00,162.56,162.565,162.546,162.547,156,4,0
2026-07-09 02:05:00,162.546,162.553,162.538,162.549,142,4,0
2026-07-09 02:10:00,162.55,162.56,162.547,162.553,102,4,0
2026-07-09 02:15:00,162.553,162.556,162.539,162.551,67,4,0
2026-07-09 02:20:00,162.551,162.562,162.548,162.562,52,4,0
2026-07-09 02:25:00,162.562,162.575,162.554,162.57,101,4,0
2026-07-09 02:30:00,162.57,162.578,162.564,162.575,130,4,0
2026-07-09 02:35:00,162.576,162.576,162.551,162.564,127,4,0
2026-07-09 02:40:00,162.564,162.567,162.56,162.561,82,4,0
2026-07-09 02:45:00,162.562,162.563,162.531,162.531,142,4,0
2026-07-09 02:50:00,162.531,162.555,162.53,162.552,124,4,0
2026-07-09 02:55:00,162.553,162.555,162.536,162.54,152,4,0
2026-07-09 03:00:00,162.54,162.54,162.485,162.488,463,3,0
2026-07-09 03:05:00,162.489,162.493,162.44,162.463,443,3,0
2026-07-09 03:10:00,162.463,162.465,162.357,162.4,494,3,0
2026-07-09 03:15:00,162.4,162.407,162.381,162.386,464,3,0
2026-07-09 03:20:00,162.386,162.425,162.365,162.373,475,3,0
2026-07-09 03:25:00,162.373,162.402,162.364,162.39,383,3,0
2026-07-09 03:30:00,162.39,162.416,162.364,162.387,554,3,0
2026-07-09 03:35:00,162.387,162.41,162.375,162.408,404,3,0
2026-07-09 03:40:00,162.408,162.449,162.395,162.448,498,3,0
2026-07-09 03:45:00,162.448,162.457,162.424,162.438,377,3,0
2026-07-09 03:50:00,162.437,162.478,162.394,162.472,699,3,0
2026-07-09 03:55:00,162.472,162.472,162.423,162.444,538,3,0
2026-07-09 04:00:00,162.444,162.457,162.41,162.432,680,3,0
2026-07-09 04:05:00,162.432,162.471,162.428,162.464,519,3,0
2026-07-09 04:10:00,162.465,162.504,162.455,162.472,500,3,0
2026-07-09 04:15:00,162.472,162.506,162.468,162.497,502,3,0
2026-07-09 04:20:00,162.497,162.535,162.485,162.526,587,3,0
2026-07-09 04:25:00,162.526,162.572,162.525,162.549,662,3,0
2026-07-09 04:30:00,162.549,162.555,162.522,162.525,488,3,0
2026-07-09 04:35:00,162.524,162.539,162.484,162.516,392,3,0
2026-07-09 04:40:00,162.518,162.525,162.491,162.507,285,3,0
2026-07-09 04:45:00,162.507,162.522,162.498,162.506,271,3,0
2026-07-09 04:50:00,162.506,162.507,162.471,162.476,343,3,0
2026-07-09 04:55:00,162.474,162.477,162.439,162.448,399,3,0
2026-07-09 05:00:00,162.449,162.46,162.439,162.458,281,3,0
2026-07-09 05:05:00,162.458,162.486,162.44,162.443,407,3,0
2026-07-09 05:10:00,162.445,162.472,162.433,162.457,296,3,0
2026-07-09 05:15:00,162.457,162.462,162.443,162.459,223,3,0
2026-07-09 05:20:00,162.459,162.478,162.458,162.462,236,3,0
2026-07-09 05:25:00,162.462,162.473,162.453,162.467,193,3,0
2026-07-09 05:30:00,162.467,162.484,162.463,162.483,284,3,0
2026-07-09 05:35:00,162.483,162.485,162.468,162.482,277,3,0
2026-07-09 05:40:00,162.481,162.504,162.479,162.48,259,3,0
2026-07-09 05:45:00,162.48,162.483,162.451,162.459,246,3,0
2026-07-09 05:50:00,162.459,162.469,162.454,162.463,248,3,0
2026-07-09 05:55:00,162.463,162.476,162.462,162.471,213,3,0
2026-07-09 06:00:00,162.471,162.474,162.446,162.46,225,3,0
2026-07-09 06:05:00,162.46,162.463,162.449,162.46,162,3,0
2026-07-09 06:10:00,162.46,162.478,162.457,162.468,168,3,0
2026-07-09 06:15:00,162.468,162.491,162.468,162.483,243,3,0
2026-07-09 06:20:00,162.483,162.497,162.472,162.472,179,3,0
2026-07-09 06:25:00,162.473,162.473,162.449,162.451,229,3,0
2026-07-09 06:30:00,162.45,162.457,162.413,162.434,365,3,0
2026-07-09 06:35:00,162.435,162.438,162.409,162.433,328,3,0
2026-07-09 06:40:00,162.432,162.45,162.419,162.44,325,3,0
2026-07-09 06:45:00,162.44,162.455,162.436,162.455,206,3,0
2026-07-09 06:50:00,162.453,162.453,162.424,162.432,328,3,0
2026-07-09 06:55:00,162.433,162.453,162.433,162.452,244,3,0
2026-07-09 07:00:00,162.452,162.465,162.445,162.458,199,3,0
2026-07-09 07:05:00,162.458,162.46,162.441,162.443,243,3,0
2026-07-09 07:10:00,162.443,162.444,162.422,162.43,239,3,0
2026-07-09 07:15:00,162.43,162.434,162.418,162.423,162,3,0
2026-07-09 07:20:00,162.422,162.433,162.417,162.43,217,3,0
2026-07-09 07:25:00,162.43,162.433,162.419,162.425,171,3,0
2026-07-09 07:30:00,162.425,162.436,162.418,162.432,161,3,0
2026-07-09 07:35:00,162.432,162.448,162.431,162.447,154,3,0
2026-07-09 07:40:00,162.447,162.448,162.433,162.445,147,3,0
2026-07-09 07:45:00,162.445,162.446,162.427,162.431,132,3,0
2026-07-09 07:50:00,162.431,162.435,162.406,162.417,151,3,0
2026-07-09 07:55:00,162.418,162.435,162.412,162.43,126,3,0
2026-07-09 08:00:00,162.43,162.436,162.419,162.425,140,3,0
2026-07-09 08:05:00,162.425,162.427,162.418,162.426,133,3,0
2026-07-09 08:10:00,162.426,162.428,162.36,162.393,589,3,0
2026-07-09 08:15:00,162.393,162.413,162.387,162.409,402,3,0
2026-07-09 08:20:00,162.409,162.413,162.395,162.401,264,3,0
2026-07-09 08:25:00,162.401,162.401,162.367,162.374,194,3,0
2026-07-09 08:30:00,162.373,162.381,162.345,162.348,350,3,0
2026-07-09 08:35:00,162.348,162.373,162.346,162.368,229,3,0
2026-07-09 08:40:00,162.368,162.393,162.368,162.383,346,3,0
2026-07-09 08:45:00,162.382,162.387,162.367,162.37,245,3,0
2026-07-09 08:50:00,162.369,162.39,162.359,162.374,304,3,0
2026-07-09 08:55:00,162.374,162.38,162.366,162.37,282,3,0
2026-07-09 09:00:00,162.37,162.374,162.343,162.345,445,3,0
2026-07-09 09:05:00,162.345,162.357,162.318,162.318,468,3,0
2026-07-09 09:10:00,162.317,162.37,162.312,162.357,362,3,0
2026-07-09 09:15:00,162.357,162.365,162.334,162.334,391,3,0
2026-07-09 09:20:00,162.334,162.348,162.249,162.267,641,3,0
2026-07-09 09:25:00,162.268,162.286,162.245,162.248,593,3,0
2026-07-09 09:30:00,162.248,162.279,162.246,162.264,573,3,0
2026-07-09 09:35:00,162.264,162.333,162.264,162.319,555,3,0
2026-07-09 09:40:00,162.319,162.332,162.258,162.263,426,3,0
2026-07-09 09:45:00,162.263,162.296,162.257,162.294,337,3,0
2026-07-09 09:50:00,162.294,162.314,162.282,162.285,311,3,0
2026-07-09 09:55:00,162.285,162.304,162.283,162.298,286,3,0
2026-07-09 10:00:00,162.299,162.334,162.299,162.333,489,3,0
2026-07-09 10:05:00,162.333,162.351,162.332,162.342,332,3,0
2026-07-09 10:10:00,162.342,162.371,162.339,162.366,335,3,0
2026-07-09 10:15:00,162.366,162.398,162.363,162.369,413,3,0
2026-07-09 10:20:00,162.369,162.382,162.356,162.364,357,3,0
2026-07-09 10:25:00,162.364,162.38,162.354,162.369,252,3,0
2026-07-09 10:30:00,162.369,162.381,162.357,162.366,308,3,0
2026-07-09 10:35:00,162.366,162.372,162.339,162.368,376,3,0
2026-07-09 10:40:00,162.368,162.369,162.341,162.348,297,3,0
2026-07-09 10:45:00,162.348,162.371,162.339,162.345,307,3,0
2026-07-09 10:50:00,162.345,162.353,162.326,162.328,331,3,0
2026-07-09 10:55:00,162.328,162.366,162.327,162.349,397,3,0
2026-07-09 11:00:00,162.349,162.364,162.327,162.362,418,3,0
2026-07-09 11:05:00,162.362,162.363,162.327,162.333,376,3,0
2026-07-09 11:10:00,162.333,162.342,162.31,162.327,343,3,0
2026-07-09 11:15:00,162.327,162.329,162.312,162.323,308,3,0
2026-07-09 11:20:00,162.323,162.326,162.303,162.307,320,3,0
2026-07-09 11:25:00,162.306,162.327,162.304,162.323,246,3,0
2026-07-09 11:30:00,162.323,162.342,162.314,162.327,382,3,0
2026-07-09 11:35:00,162.327,162.35,162.324,162.345,384,3,0
2026-07-09 11:40:00,162.345,162.371,162.34,162.362,358,3,0
2026-07-09 11:45:00,162.362,162.403,162.353,162.396,298,3,0
2026-07-09 11:50:00,162.397,162.404,162.369,162.37,322,3,0
2026-07-09 11:55:00,162.372,162.397,162.354,162.396,392,3,0
2026-07-09 12:00:00,162.396,162.41,162.381,162.399,395,3,0
2026-07-09 12:05:00,162.399,162.417,162.394,162.411,313,3,0
2026-07-09 12:10:00,162.411,162.424,162.403,162.42,263,3,0
2026-07-09 12:15:00,162.42,162.433,162.418,162.432,266,3,0
2026-07-09 12:20:00,162.433,162.433,162.408,162.408,162,3,0
2026-07-09 12:25:00,162.407,162.413,162.4,162.411,240,3,0
2026-07-09 12:30:00,162.411,162.432,162.409,162.423,359,3,0
2026-07-09 12:35:00,162.423,162.441,162.42,162.434,367,3,0
2026-07-09 12:40:00,162.433,162.452,162.427,162.43,221,3,0
2026-07-09 12:45:00,162.43,162.446,162.426,162.428,208,3,0
2026-07-09 12:50:00,162.428,162.431,162.417,162.421,228,3,0
2026-07-09 12:55:00,162.421,162.422,162.393,162.402,183,3,0
2026-07-09 13:00:00,162.402,162.422,162.401,162.415,190,3,0
2026-07-09 13:05:00,162.416,162.422,162.407,162.416,168,3,0
2026-07-09 13:10:00,162.416,162.426,162.405,162.418,211,3,0
2026-07-09 13:15:00,162.418,162.43,162.413,162.428,159,3,0
2026-07-09 13:20:00,162.428,162.441,162.423,162.441,145,3,0
2026-07-09 13:25:00,162.441,162.45,162.439,162.445,109,3,0
2026-07-09 13:30:00,162.445,162.446,162.421,162.421,135,3,0
2026-07-09 13:35:00,162.421,162.43,162.414,162.43,136,3,0
2026-07-09 13:40:00,162.429,162.436,162.419,162.433,140,3,0
2026-07-09 13:45:00,162.432,162.451,162.43,162.441,239,3,0
2026-07-09 13:50:00,162.441,162.495,162.44,162.484,410,3,0
2026-07-09 13:55:00,162.484,162.505,162.481,162.487,372,3,0
2026-07-09 14:00:00,162.486,162.498,162.464,162.484,447,3,0
2026-07-09 14:05:00,162.484,162.498,162.475,162.487,337,3,0
2026-07-09 14:10:00,162.487,162.49,162.469,162.475,380,3,0
2026-07-09 14:15:00,162.475,162.49,162.467,162.483,282,3,0
2026-07-09 14:20:00,162.483,162.496,162.47,162.492,245,3,0
2026-07-09 14:25:00,162.492,162.496,162.479,162.493,177,3,0
2026-07-09 14:30:00,162.493,162.508,162.482,162.484,252,3,0
2026-07-09 14:35:00,162.483,162.497,162.469,162.473,242,3,0
2026-07-09 14:40:00,162.473,162.495,162.473,162.484,259,3,0
2026-07-09 14:45:00,162.484,162.485,162.453,162.478,312,3,0
2026-07-09 14:50:00,162.478,162.483,162.458,162.46,271,3,0
2026-07-09 14:55:00,162.46,162.478,162.459,162.47,256,3,0
2026-07-09 15:00:00,162.471,162.471,162.43,162.44,428,3,0
2026-07-09 15:05:00,162.44,162.455,162.398,162.412,415,3,0
2026-07-09 15:10:00,162.412,162.412,162.394,162.406,356,3,0
2026-07-09 15:15:00,162.405,162.422,162.391,162.391,266,3,0
2026-07-09 15:20:00,162.391,162.416,162.389,162.412,309,3,0
2026-07-09 15:25:00,162.412,162.434,162.404,162.409,366,3,0
2026-07-09 15:30:00,162.408,162.432,162.403,162.419,232,3,0
2026-07-09 15:35:00,162.419,162.429,162.413,162.421,227,3,0
2026-07-09 15:40:00,162.42,162.454,162.417,162.439,339,3,0
2026-07-09 15:45:00,162.439,162.456,162.439,162.454,213,3,0
2026-07-09 15:50:00,162.454,162.454,162.428,162.442,259,3,0
2026-07-09 15:55:00,162.442,162.446,162.429,162.443,307,3,0
2026-07-09 16:00:00,162.443,162.454,162.433,162.44,256,3,0
2026-07-09 16:05:00,162.44,162.443,162.407,162.412,269,3,0
2026-07-09 16:10:00,162.412,162.433,162.412,162.415,223,3,0
2026-07-09 16:15:00,162.415,162.417,162.297,162.355,571,3,0
2026-07-09 16:20:00,162.355,162.386,162.353,162.375,366,3,0
2026-07-09 16:25:00,162.374,162.387,162.362,162.374,267,3,0
2026-07-09 16:30:00,162.374,162.377,162.352,162.368,406,3,0
2026-07-09 16:35:00,162.368,162.376,162.36,162.369,358,3,0
2026-07-09 16:40:00,162.369,162.369,162.309,162.332,499,3,0
2026-07-09 16:45:00,162.332,162.362,162.322,162.34,323,3,0
2026-07-09 16:50:00,162.34,162.365,162.337,162.362,251,3,0
2026-07-09 16:55:00,162.362,162.362,162.315,162.34,297,3,0
2026-07-09 17:00:00,162.343,162.343,162.288,162.289,469,3,0
2026-07-09 17:05:00,162.288,162.382,162.286,162.373,452,3,0
2026-07-09 17:10:00,162.373,162.391,162.362,162.381,531,3,0
2026-07-09 17:15:00,162.381,162.398,162.364,162.385,418,3,0
2026-07-09 17:20:00,162.384,162.388,162.355,162.362,262,3,0
2026-07-09 17:25:00,162.362,162.392,162.361,162.376,234,3,0
2026-07-09 17:30:00,162.377,162.39,162.35,162.35,305,3,0
2026-07-09 17:35:00,162.351,162.362,162.324,162.354,379,3,0
2026-07-09 17:40:00,162.355,162.382,162.355,162.37,231,3,0
2026-07-09 17:45:00,162.37,162.395,162.368,162.394,218,3,0
2026-07-09 17:50:00,162.394,162.422,162.362,162.376,609,3,0
2026-07-09 17:55:00,162.377,162.408,162.362,162.366,621,3,0
2026-07-09 18:00:00,162.366,162.41,162.365,162.404,496,3,0
2026-07-09 18:05:00,162.404,162.413,162.36,162.38,433,3,0
2026-07-09 18:10:00,162.38,162.401,162.375,162.393,310,3,0
2026-07-09 18:15:00,162.394,162.404,162.377,162.399,275,3,0
2026-07-09 18:20:00,162.398,162.407,162.372,162.372,238,3,0
2026-07-09 18:25:00,162.372,162.374,162.359,162.361,254,3,0
2026-07-09 18:30:00,162.36,162.392,162.358,162.375,292,3,0
2026-07-09 18:35:00,162.374,162.378,162.35,162.354,255,3,0
2026-07-09 18:40:00,162.354,162.355,162.321,162.321,240,3,0
2026-07-09 18:45:00,162.32,162.33,162.302,162.311,328,3,0
2026-07-09 18:50:00,162.311,162.312,162.256,162.293,366,3,0
2026-07-09 18:55:00,162.292,162.305,162.285,162.289,214,3,0
2026-07-09 19:00:00,162.29,162.291,162.261,162.276,368,3,0
2026-07-09 19:05:00,162.276,162.292,162.275,162.281,301,3,0
2026-07-09 19:10:00,162.281,162.301,162.281,162.282,237,3,0
2026-07-09 19:15:00,162.282,162.318,162.256,162.309,233,3,0
2026-07-09 19:20:00,162.309,162.315,162.309,162.314,212,3,0
2026-07-09 19:25:00,162.314,162.325,162.296,162.3,194,3,0
2026-07-09 19:30:00,162.3,162.314,162.284,162.314,215,3,0
2026-07-09 19:35:00,162.314,162.325,162.301,162.303,181,3,0
2026-07-09 19:40:00,162.303,162.31,162.283,162.293,165,3,0
2026-07-09 19:45:00,162.293,162.295,162.281,162.286,164,3,0
2026-07-09 19:50:00,162.286,162.297,162.274,162.285,193,3,0
2026-07-09 19:55:00,162.285,162.315,162.279,162.315,188,3,0
2026-07-09 20:00:00,162.315,162.318,162.303,162.304,168,3,0
2026-07-09 20:05:00,162.304,162.316,162.298,162.314,162,3,0
2026-07-09 20:10:00,162.313,162.331,162.312,162.318,158,3,0
2026-07-09 20:15:00,162.317,162.32,162.291,162.292,248,3,0
2026-07-09 20:20:00,162.291,162.293,162.274,162.29,203,3,0
2026-07-09 20:25:00,162.291,162.291,162.275,162.277,200,3,0
2026-07-09 20:30:00,162.276,162.291,162.273,162.284,213,3,0
2026-07-09 20:35:00,162.285,162.297,162.273,162.293,160,3,0
2026-07-09 20:40:00,162.293,162.304,162.293,162.3,126,3,0
2026-07-09 20:45:00,162.3,162.301,162.291,162.299,158,3,0
2026-07-09 20:50:00,162.3,162.3,162.278,162.284,135,3,0
2026-07-09 20:55:00,162.284,162.29,162.274,162.286,130,3,0
2026-07-09 21:00:00,162.287,162.306,162.285,162.3,160,3,0
2026-07-09 21:05:00,162.3,162.315,162.299,162.304,156,3,0
2026-07-09 21:10:00,162.305,162.323,162.301,162.318,135,3,0
2026-07-09 21:15:00,162.318,162.342,162.312,162.341,133,3,0
2026-07-09 21:20:00,162.341,162.356,162.339,162.354,223,3,0
2026-07-09 21:25:00,162.354,162.376,162.348,162.369,236,3,0
2026-07-09 21:30:00,162.369,162.372,162.351,162.354,127,3,0
2026-07-09 21:35:00,162.354,162.365,162.353,162.363,78,3,0
2026-07-09 21:40:00,162.363,162.364,162.338,162.341,147,3,0
2026-07-09 21:45:00,162.341,162.349,162.325,162.333,144,3,0
2026-07-09 21:50:00,162.333,162.347,162.333,162.337,159,3,0
2026-07-09 21:55:00,162.337,162.346,162.331,162.334,199,3,0
2026-07-09 22:00:00,162.334,162.346,162.318,162.338,147,3,0
2026-07-09 22:05:00,162.338,162.359,162.334,162.355,108,4,0
2026-07-09 22:10:00,162.355,162.363,162.355,162.359,92,4,0
2026-07-09 22:15:00,162.359,162.367,162.346,162.364,131,4,0
2026-07-09 22:20:00,162.364,162.377,162.359,162.377,125,4,0
2026-07-09 22:25:00,162.378,162.39,162.377,162.384,182,4,0
2026-07-09 22:30:00,162.384,162.399,162.381,162.393,231,4,0
2026-07-09 22:35:00,162.393,162.393,162.36,162.381,255,4,0
2026-07-09 22:40:00,162.381,162.39,162.374,162.385,153,4,0
2026-07-09 22:45:00,162.385,162.404,162.385,162.398,134,4,0
2026-07-09 22:50:00,162.398,162.413,162.398,162.405,134,4,0
2026-07-09 22:55:00,162.405,162.414,162.376,162.387,186,4,0
2026-07-09 23:00:00,162.392,162.402,162.36,162.379,185,4,0
2026-07-09 23:05:00,162.379,162.393,162.377,162.38,174,4,0
2026-07-09 23:10:00,162.379,162.385,162.375,162.375,112,4,0
2026-07-09 23:15:00,162.375,162.38,162.373,162.378,91,4,0
2026-07-09 23:20:00,162.376,162.383,162.376,162.378,172,4,0
2026-07-09 23:25:00,162.378,162.381,162.367,162.375,93,4,0
2026-07-09 23:30:00,162.375,162.388,162.374,162.384,59,4,0
2026-07-09 23:35:00,162.384,162.395,162.384,162.393,53,4,0
2026-07-09 23:40:00,162.393,162.396,162.389,162.392,99,4,0
2026-07-09 23:45:00,162.392,162.392,162.379,162.386,53,6,0
2026-07-09 23:50:00,162.386,162.393,162.382,162.386,61,19,0
2026-07-09 23:55:00,162.386,162.386,162.354,162.36,58,15,0
2026-07-10 00:00:00,162.357,162.357,162.33,162.33,21,57,0
2026-07-10 00:05:00,162.33,162.341,162.33,162.341,7,87,0
2026-07-10 00:10:00,162.34,162.341,162.335,162.341,14,87,0
2026-07-10 00:15:00,162.337,162.366,162.336,162.34,53,84,0
2026-07-10 00:20:00,162.34,162.363,162.338,162.344,57,121,0
2026-07-10 00:25:00,162.343,162.351,162.335,162.342,19,123,0
2026-07-10 00:30:00,162.344,162.354,162.343,162.344,12,117,0
2026-07-10 00:35:00,162.344,162.359,162.339,162.343,30,49,0
2026-07-10 00:40:00,162.343,162.348,162.343,162.348,14,50,0
2026-07-10 00:45:00,162.348,162.35,162.343,162.35,12,61,0
2026-07-10 00:50:00,162.35,162.357,162.341,162.349,70,58,0
2026-07-10 00:55:00,162.349,162.35,162.34,162.349,41,59,0
2026-07-10 01:00:00,162.342,162.417,162.342,162.368,219,24,0
2026-07-10 01:05:00,162.368,162.377,162.337,162.366,62,9,0
2026-07-10 01:10:00,162.366,162.366,162.362,162.363,494,24,0
2026-07-10 01:15:00,162.363,162.363,162.351,162.355,512,25,0
2026-07-10 01:20:00,162.355,162.356,162.35,162.356,21,28,0
2026-07-10 01:25:00,162.356,162.358,162.349,162.355,43,27,0
2026-07-10 01:30:00,162.355,162.357,162.346,162.353,37,23,0
2026-07-10 01:35:00,162.354,162.359,162.353,162.355,43,26,0
2026-07-10 01:40:00,162.355,162.358,162.342,162.342,136,26,0
2026-07-10 01:45:00,162.342,162.357,162.342,162.355,99,6,0
2026-07-10 01:50:00,162.354,162.355,162.353,162.354,309,4,0
2026-07-10 01:55:00,162.354,162.355,162.351,162.351,119,4,0
2026-07-10 02:00:00,162.351,162.359,162.351,162.353,52,4,0
2026-07-10 02:05:00,162.354,162.354,162.338,162.342,54,4,0
2026-07-10 02:10:00,162.342,162.355,162.339,162.34,53,4,0
2026-07-10 02:15:00,162.34,162.348,162.339,162.346,79,4,0
2026-07-10 02:20:00,162.346,162.381,162.344,162.373,113,4,0
2026-07-10 02:25:00,162.373,162.384,162.373,162.376,68,4,0
2026-07-10 02:30:00,162.376,162.38,162.366,162.366,37,4,0
2026-07-10 02:35:00,162.368,162.37,162.357,162.364,108,4,0
2026-07-10 02:40:00,162.365,162.367,162.357,162.363,42,4,0
2026-07-10 02:45:00,162.362,162.366,162.352,162.365,148,4,0
2026-07-10 02:50:00,162.365,162.38,162.358,162.375,127,4,0
2026-07-10 02:55:00,162.374,162.381,162.361,162.361,101,4,0
2026-07-10 03:00:00,162.364,162.367,162.326,162.358,447,3,0
2026-07-10 03:05:00,162.358,162.37,162.342,162.37,212,3,0
2026-07-10 03:10:00,162.369,162.406,162.366,162.394,232,3,0
2026-07-10 03:15:00,162.394,162.405,162.377,162.393,224,3,0
2026-07-10 03:20:00,162.393,162.421,162.393,162.419,273,3,0
2026-07-10 03:25:00,162.419,162.424,162.412,162.417,166,3,0
2026-07-10 03:30:00,162.417,162.417,162.362,162.389,321,3,0
2026-07-10 03:35:00,162.389,162.393,162.362,162.38,352,3,0
2026-07-10 03:40:00,162.38,162.38,162.296,162.312,487,3,0
2026-07-10 03:45:00,162.312,162.313,162.095,162.135,1403,3,0
2026-07-10 03:50:00,162.136,162.136,162.028,162.056,1022,3,0
2026-07-10 03:55:00,162.056,162.077,161.891,162.055,1320,3,0
2026-07-10 04:00:00,162.057,162.108,161.954,161.975,1069,3,0
2026-07-10 04:05:00,161.975,162.029,161.86,161.906,1043,3,0
2026-07-10 04:10:00,161.906,161.929,161.789,161.798,935,3,0
2026-07-10 04:15:00,161.798,161.801,161.63,161.738,1408,3,0
2026-07-10 04:20:00,161.738,161.903,161.736,161.873,1050,3,0
2026-07-10 04:25:00,161.872,161.901,161.853,161.899,626,3,0
2026-07-10 04:30:00,161.899,161.905,161.762,161.776,833,3,0
2026-07-10 04:35:00,161.776,161.846,161.738,161.828,959,3,0
2026-07-10 04:40:00,161.828,161.873,161.803,161.861,772,3,0
2026-07-10 04:45:00,161.861,161.861,161.772,161.781,872,3,0
2026-07-10 04:50:00,161.78,161.781,161.679,161.693,1047,3,0
2026-07-10 04:55:00,161.693,161.741,161.673,161.736,968,3,0
2026-07-10 05:00:00,161.735,161.755,161.654,161.712,817,3,0
2026-07-10 05:05:00,161.71,161.714,161.459,161.533,1033,3,0
2026-07-10 05:10:00,161.534,161.549,161.432,161.44,1064,3,0
2026-07-10 05:15:00,161.439,161.446,161.332,161.347,988,3,0
2026-07-10 05:20:00,161.348,161.446,161.286,161.423,1030,3,0
2026-07-10 05:25:00,161.424,161.483,161.392,161.465,801,3,0
2026-07-10 05:30:00,161.465,161.524,161.439,161.502,1018,3,0
2026-07-10 05:35:00,161.505,161.557,161.5,161.506,878,3,0
2026-07-10 05:40:00,161.505,161.508,161.376,161.401,997,3,0
2026-07-10 05:45:00,161.401,161.466,161.36,161.438,767,3,0
2026-07-10 05:50:00,161.439,161.444,161.354,161.371,867,3,0
2026-07-10 05:55:00,161.37,161.46,161.367,161.454,826,3,0
2026-07-10 06:00:00,161.454,161.498,161.397,161.477,918,3,0
2026-07-10 06:05:00,161.475,161.497,161.423,161.427,550,3,0
2026-07-10 06:10:00,161.427,161.473,161.426,161.463,579,3,0
2026-07-10 06:15:00,161.461,161.494,161.408,161.429,646,3,0
2026-07-10 06:20:00,161.43,161.474,161.411,161.452,678,3,0
2026-07-10 06:25:00,161.452,161.453,161.385,161.391,793,3,0
2026-07-10 06:30:00,161.392,161.422,161.353,161.354,674,3,0
2026-07-10 06:35:00,161.353,161.417,161.353,161.388,540,3,0
2026-07-10 06:40:00,161.388,161.442,161.383,161.424,375,3,0
2026-07-10 06:45:00,161.423,161.483,161.423,161.467,392,3,0
2026-07-10 06:50:00,161.469,161.496,161.448,161.496,353,3,0
2026-07-10 06:55:00,161.497,161.574,161.491,161.52,518,3,0
2026-07-10 07:00:00,161.52,161.559,161.52,161.543,470,3,0
2026-07-10 07:05:00,161.544,161.564,161.532,161.538,399,3,0
2026-07-10 07:10:00,161.539,161.572,161.533,161.557,329,3,0
2026-07-10 07:15:00,161.557,161.597,161.556,161.586,343,3,0
2026-07-10 07:20:00,161.586,161.677,161.584,161.667,475,3,0
2026-07-10 07:25:00,161.667,161.686,161.63,161.635,533,3,0
2026-07-10 07:30:00,161.636,161.661,161.635,161.64,400,3,0
2026-07-10 07:35:00,161.639,161.647,161.618,161.634,286,3,0
2026-07-10 07:40:00,161.634,161.683,161.631,161.679,398,3,0
2026-07-10 07:45:00,161.679,161.708,161.657,161.679,374,3,0
2026-07-10 07:50:00,161.68,161.692,161.673,161.69,210,3,0
2026-07-10 07:55:00,161.689,161.69,161.627,161.63,295,3,0
2026-07-10 08:00:00,161.63,161.648,161.557,161.581,481,3,0
2026-07-10 08:05:00,161.581,161.583,161.471,161.5,650,3,0
2026-07-10 08:10:00,161.5,161.544,161.497,161.503,439,3,0
2026-07-10 08:15:00,161.502,161.625,161.501,161.624,553,3,0
2026-07-10 08:20:00,161.625,161.657,161.608,161.652,446,3,0
2026-07-10 08:25:00,161.652,161.658,161.599,161.621,510,3,0
2026-07-10 08:30:00,161.622,161.65,161.608,161.65,447,3,0
2026-07-10 08:35:00,161.65,161.651,161.624,161.629,385,3,0
2026-07-10 08:40:00,161.628,161.664,161.613,161.647,459,3,0
2026-07-10 08:45:00,161.647,161.647,161.53,161.55,620,3,0
2026-07-10 08:50:00,161.55,161.575,161.5,161.574,657,3,0
2026-07-10 08:55:00,161.574,161.604,161.57,161.581,369,3,0
2026-07-10 09:00:00,161.582,161.587,161.489,161.507,536,3,0
2026-07-10 09:05:00,161.508,161.511,161.468,161.481,725,3,0
2026-07-10 09:10:00,161.481,161.534,161.48,161.507,495,3,0
2026-07-10 09:15:00,161.507,161.52,161.41,161.414,718,3,0
2026-07-10 09:20:00,161.414,161.485,161.413,161.484,634,3,0
2026-07-10 09:25:00,161.485,161.572,161.482,161.568,583,3,0
2026-07-10 09:30:00,161.568,161.582,161.507,161.515,601,3,0
2026-07-10 09:35:00,161.515,161.555,161.495,161.555,433,3,0
2026-07-10 09:40:00,161.555,161.572,161.539,161.572,510,3,0
2026-07-10 09:45:00,161.572,161.614,161.572,161.596,495,3,0
2026-07-10 09:50:00,161.596,161.599,161.566,161.598,437,3,0
2026-07-10 09:55:00,161.598,161.605,161.577,161.581,273,3,0
2026-07-10 10:00:00,161.582,161.678,161.575,161.664,583,3,0
2026-07-10 10:05:00,161.663,161.683,161.644,161.65,512,3,0
2026-07-10 10:10:00,161.651,161.688,161.648,161.675,509,3,0
2026-07-10 10:15:00,161.675,161.733,161.674,161.674,474,3,0
2026-07-10 10:20:00,161.674,161.727,161.64,161.726,448,3,0
2026-07-10 10:25:00,161.726,161.773,161.714,161.749,556,3,0
2026-07-10 10:30:00,161.749,161.771,161.745,161.764,411,3,0
2026-07-10 10:35:00,161.764,161.769,161.715,161.722,592,3,0
2026-07-10 10:40:00,161.724,161.732,161.653,161.672,485,3,0
2026-07-10 10:45:00,161.67,161.742,161.669,161.676,475,3,0
2026-07-10 10:50:00,161.676,161.708,161.653,161.704,442,3,0
2026-07-10 10:55:00,161.704,161.714,161.685,161.694,425,3,0
2026-07-10 11:00:00,161.694,161.696,161.543,161.623,905,3,0
2026-07-10 11:05:00,161.624,161.652,161.586,161.597,598,3,0
2026-07-10 11:10:00,161.595,161.645,161.59,161.634,542,3,0
2026-07-10 11:15:00,161.633,161.705,161.629,161.7,449,3,0
2026-07-10 11:20:00,161.7,161.721,161.686,161.72,420,3,0
2026-07-10 11:25:00,161.72,161.741,161.706,161.726,489,3,0
2026-07-10 11:30:00,161.726,161.734,161.565,161.653,1035,3,0
2026-07-10 11:35:00,161.653,161.681,161.632,161.645,575,3,0
2026-07-10 11:40:00,161.645,161.648,161.579,161.594,670,3,0
2026-07-10 11:45:00,161.595,161.628,161.589,161.626,417,3,0
2026-07-10 11:50:00,161.625,161.676,161.616,161.663,325,3,0
2026-07-10 11:55:00,161.663,161.691,161.651,161.689,340,3,0
2026-07-10 12:00:00,161.688,161.698,161.644,161.645,427,3,0
2026-07-10 12:05:00,161.644,161.696,161.638,161.694,264,3,0
2026-07-10 12:10:00,161.693,161.726,161.689,161.703,364,3,0
2026-07-10 12:15:00,161.702,161.714,161.659,161.69,354,3,0
2026-07-10 12:20:00,161.691,161.713,161.69,161.707,303,3,0
2026-07-10 12:25:00,161.706,161.767,161.703,161.764,298,3,0
2026-07-10 12:30:00,161.764,161.829,161.764,161.813,503,3,0
2026-07-10 12:35:00,161.813,161.825,161.767,161.79,591,3,0
2026-07-10 12:40:00,161.79,161.796,161.756,161.789,439,3,0
2026-07-10 12:45:00,161.789,161.819,161.785,161.804,384,3,0
2026-07-10 12:50:00,161.804,161.86,161.8,161.831,269,3,0
2026-07-10 12:55:00,161.831,161.841,161.81,161.826,310,3,0
2026-07-10 13:00:00,161.824,161.825,161.771,161.772,360,3,0
2026-07-10 13:05:00,161.772,161.791,161.759,161.788,282,3,0
2026-07-10 13:10:00,161.788,161.796,161.777,161.788,238,3,0
2026-07-10 13:15:00,161.79,161.796,161.763,161.764,241,3,0
2026-07-10 13:20:00,161.764,161.772,161.733,161.735,384,3,0
2026-07-10 13:25:00,161.735,161.735,161.695,161.704,425,3,0
2026-07-10 13:30:00,161.703,161.745,161.698,161.743,294,3,0
2026-07-10 13:35:00,161.743,161.746,161.701,161.719,336,3,0
2026-07-10 13:40:00,161.719,161.75,161.718,161.749,265,3,0
2026-07-10 13:45:00,161.749,161.792,161.748,161.787,324,3,0
2026-07-10 13:50:00,161.787,161.794,161.77,161.786,233,3,0
2026-07-10 13:55:00,161.786,161.793,161.74,161.766,453,3,0
2026-07-10 14:00:00,161.766,161.791,161.757,161.764,384,3,0
2026-07-10 14:05:00,161.764,161.777,161.746,161.747,302,3,0
2026-07-10 14:10:00,161.747,161.773,161.747,161.771,232,3,0
2026-07-10 14:15:00,161.771,161.803,161.746,161.778,318,3,0
2026-07-10 14:20:00,161.777,161.791,161.773,161.784,171,3,0
2026-07-10 14:25:00,161.785,161.842,161.784,161.809,464,3,0
2026-07-10 14:30:00,161.809,161.842,161.801,161.824,315,3,0
2026-07-10 14:35:00,161.824,161.877,161.824,161.876,320,3,0
2026-07-10 14:40:00,161.876,161.884,161.829,161.843,267,3,0
2026-07-10 14:45:00,161.843,161.853,161.826,161.848,238,3,0
2026-07-10 14:50:00,161.848,161.857,161.828,161.851,320,3,0
2026-07-10 14:55:00,161.852,161.867,161.847,161.848,317,3,0
2026-07-10 15:00:00,161.848,161.888,161.841,161.888,356,3,0
2026-07-10 15:05:00,161.888,161.893,161.864,161.867,403,3,0
2026-07-10 15:10:00,161.868,161.87,161.685,161.765,771,3,0
2026-07-10 15:15:00,161.765,161.793,161.757,161.793,543,3,0
2026-07-10 15:20:00,161.793,161.835,161.793,161.828,348,3,0
2026-07-10 15:25:00,161.828,161.834,161.797,161.828,255,3,0
2026-07-10 15:30:00,161.828,161.862,161.814,161.855,428,3,0
2026-07-10 15:35:00,161.854,161.886,161.836,161.852,585,3,0
2026-07-10 15:40:00,161.852,161.859,161.804,161.807,618,3,0
2026-07-10 15:45:00,161.807,161.82,161.787,161.79,342,3,0
2026-07-10 15:50:00,161.789,161.82,161.789,161.818,360,3,0
2026-07-10 15:55:00,161.818,161.823,161.795,161.797,291,3,0
2026-07-10 16:00:00,161.797,161.858,161.796,161.853,369,3,0
2026-07-10 16:05:00,161.853,161.856,161.818,161.831,374,3,0
2026-07-10 16:10:00,161.829,161.84,161.8,161.807,313,3,0
2026-07-10 16:15:00,161.807,161.819,161.793,161.794,365,3,0
2026-07-10 16:20:00,161.795,161.799,161.763,161.792,338,3,0
2026-07-10 16:25:00,161.792,161.805,161.766,161.803,316,3,0
2026-07-10 16:30:00,161.803,161.833,161.791,161.822,292,3,0
2026-07-10 16:35:00,161.822,161.824,161.782,161.793,379,3,0
2026-07-10 16:40:00,161.793,161.804,161.755,161.778,411,3,0
2026-07-10 16:45:00,161.778,161.779,161.723,161.765,375,3,0
2026-07-10 16:50:00,161.765,161.778,161.739,161.777,344,3,0
2026-07-10 16:55:00,161.777,161.801,161.759,161.765,470,3,0
2026-07-10 17:00:00,161.765,161.825,161.763,161.825,457,3,0
2026-07-10 17:05:00,161.825,161.833,161.797,161.799,361,3,0
2026-07-10 17:10:00,161.799,161.812,161.767,161.767,319,3,0
2026-07-10 17:15:00,161.767,161.798,161.766,161.777,378,3,0
2026-07-10 17:20:00,161.777,161.806,161.763,161.806,308,3,0
2026-07-10 17:25:00,161.806,161.812,161.761,161.763,364,3,0
2026-07-10 17:30:00,161.764,161.863,161.745,161.798,1086,3,0
2026-07-10 17:35:00,161.797,161.831,161.792,161.802,730,3,0
2026-07-10 17:40:00,161.802,161.844,161.794,161.841,485,3,0
2026-07-10 17:45:00,161.841,161.856,161.829,161.855,350,3,0
2026-07-10 17:50:00,161.855,161.856,161.824,161.826,376,3,0
2026-07-10 17:55:00,161.826,161.868,161.816,161.827,398,3,0
2026-07-10 18:00:00,161.828,161.845,161.786,161.794,550,3,0
2026-07-10 18:05:00,161.794,161.796,161.758,161.767,422,3,0
2026-07-10 18:10:00,161.767,161.768,161.71,161.713,367,3,0
2026-07-10 18:15:00,161.713,161.716,161.621,161.632,751,3,0
2026-07-10 18:20:00,161.632,161.644,161.518,161.547,814,3,0
2026-07-10 18:25:00,161.546,161.546,161.472,161.521,674,3,0
2026-07-10 18:30:00,161.521,161.523,161.463,161.463,646,3,0
2026-07-10 18:35:00,161.464,161.486,161.397,161.417,650,3,0
2026-07-10 18:40:00,161.417,161.461,161.407,161.459,739,3,0
2026-07-10 18:45:00,161.459,161.499,161.433,161.445,701,3,0
2026-07-10 18:50:00,161.444,161.449,161.392,161.429,699,3,0
2026-07-10 18:55:00,161.429,161.43,161.278,161.319,941,3,0
2026-07-10 19:00:00,161.319,161.392,161.304,161.388,1002,3,0
2026-07-10 19:05:00,161.388,161.414,161.322,161.347,890,3,0
2026-07-10 19:10:00,161.347,161.372,161.311,161.34,782,3,0
2026-07-10 19:15:00,161.34,161.391,161.302,161.391,911,3,0
2026-07-10 19:20:00,161.391,161.417,161.367,161.384,619,3,0
2026-07-10 19:25:00,161.384,161.386,161.332,161.345,614,3,0
2026-07-10 19:30:00,161.345,161.413,161.345,161.413,479,3,0
2026-07-10 19:35:00,161.413,161.447,161.395,161.437,460,3,0
2026-07-10 19:40:00,161.437,161.453,161.406,161.453,419,3,0
2026-07-10 19:45:00,161.453,161.481,161.436,161.481,395,3,0
2026-07-10 19:50:00,161.481,161.511,161.453,161.5,572,3,0
2026-07-10 19:55:00,161.498,161.51,161.467,161.509,352,3,0
2026-07-10 20:00:00,161.509,161.524,161.491,161.519,393,3,0
2026-07-10 20:05:00,161.519,161.551,161.506,161.55,283,3,0
2026-07-10 20:10:00,161.55,161.552,161.525,161.537,241,3,0
2026-07-10 20:15:00,161.537,161.554,161.516,161.552,340,3,0
2026-07-10 20:20:00,161.552,161.587,161.542,161.586,255,3,0
2026-07-10 20:25:00,161.586,161.59,161.538,161.538,235,3,0
2026-07-10 20:30:00,161.538,161.544,161.521,161.534,357,3,0
2026-07-10 20:35:00,161.534,161.59,161.534,161.578,308,3,0
2026-07-10 20:40:00,161.579,161.582,161.561,161.567,185,3,0
2026-07-10 20:45:00,161.567,161.582,161.564,161.579,255,3,0
2026-07-10 20:50:00,161.579,161.621,161.576,161.611,299,3,0
2026-07-10 20:55:00,161.609,161.654,161.609,161.647,246,3,0
2026-07-10 21:00:00,161.646,161.674,161.633,161.671,290,3,0
2026-07-10 21:05:00,161.671,161.697,161.666,161.692,232,3,0
2026-07-10 21:10:00,161.692,161.695,161.671,161.686,261,3,0
2026-07-10 21:15:00,161.685,161.695,161.668,161.682,221,3,0
2026-07-10 21:20:00,161.683,161.698,161.673,161.697,195,3,0
2026-07-10 21:25:00,161.697,161.706,161.679,161.705,249,3,0
2026-07-10 21:30:00,161.706,161.735,161.691,161.694,196,3,0
2026-07-10 21:35:00,161.695,161.712,161.682,161.705,204,3,0
2026-07-10 21:40:00,161.705,161.732,161.705,161.726,120,3,0
2026-07-10 21:45:00,161.726,161.733,161.686,161.689,124,3,0
2026-07-10 21:50:00,161.688,161.697,161.662,161.691,191,3,0
2026-07-10 21:55:00,161.691,161.707,161.684,161.689,216,3,0
2026-07-10 22:00:00,161.689,161.705,161.673,161.702,176,3,0
2026-07-10 22:05:00,161.702,161.718,161.692,161.703,169,4,0
2026-07-10 22:10:00,161.703,161.735,161.702,161.728,195,4,0
2026-07-10 22:15:00,161.728,161.73,161.704,161.707,184,4,0
2026-07-10 22:20:00,161.708,161.71,161.685,161.692,124,4,0
2026-07-10 22:25:00,161.692,161.703,161.689,161.698,94,4,0
2026-07-10 22:30:00,161.698,161.703,161.676,161.698,188,4,0
2026-07-10 22:35:00,161.698,161.713,161.684,161.713,118,4,0
2026-07-10 22:40:00,161.713,161.729,161.701,161.729,185,4,0
2026-07-10 22:45:00,161.728,161.745,161.724,161.743,224,4,0
2026-07-10 22:50:00,161.743,161.744,161.729,161.73,316,4,0
2026-07-10 22:55:00,161.73,161.736,161.691,161.736,317,4,0
2026-07-10 23:00:00,161.736,161.752,161.704,161.711,294,4,0
2026-07-10 23:05:00,161.711,161.747,161.703,161.747,261,4,0
2026-07-10 23:10:00,161.746,161.747,161.727,161.729,118,4,0
2026-07-10 23:15:00,161.729,161.737,161.715,161.716,123,4,0
2026-07-10 23:20:00,161.716,161.723,161.703,161.721,93,4,0
2026-07-10 23:25:00,161.721,161.723,161.707,161.716,117,4,0
2026-07-10 23:30:00,161.717,161.741,161.716,161.729,206,4,0
2026-07-10 23:35:00,161.729,161.748,161.728,161.734,116,4,0
2026-07-10 23:40:00,161.734,161.736,161.722,161.731,126,4,0
2026-07-10 23:45:00,161.732,161.741,161.722,161.735,335,5,0
2026-07-10 23:50:00,161.735,161.749,161.72,161.72,351,14,0
2026-07-10 23:55:00,161.72,161.722,161.604,161.604,303,24,0
2026-07-13 00:00:00,161.665,161.668,161.665,161.668,2,110,0
